CustomerID,Gender,Age,Age_numeric,AnnualIncome,SpendingScore,Profession,Profession_numeric,WorkExperience,FamilySize
1,Male,19,B-value,15000,39,Healthcare,1,1,4
2,Male,21,B-value,35000,81,Engineer,2,3,3
3,Female,20,B-value,86000,6,Engineer,2,1,1
4,Female,23,B-value,59000,77,Lawyer,3,0,2
5,Female,31,B-value,38000,40,Entertainment,4,2,6
6,Female,22,B-value,58000,76,Artist,5,0,2
7,Female,35,B-value,31000,6,Healthcare,1,1,3
8,Female,23,B-value,84000,94,Healthcare,1,1,3
9,Male,64,A-Value,97000,3,Engineer,2,0,3
10,Female,30,B-value,98000,72,Artist,5,1,4
11,Male,67,A-Value,7000,14,Engineer,2,1,3
12,Female,35,B-value,93000,99,Healthcare,1,4,4
13,Female,58,A-Value,80000,15,Executive,6,0,5
14,Female,24,B-value,91000,77,Lawyer,3,1,1
15,Male,37,B-value,19000,13,Doctor,8,0,1
16,Male,22,B-value,51000,79,Healthcare,1,1,2
17,Female,35,B-value,29000,35,Homemaker,7,9,5
18,Male,20,B-value,89000,66,Healthcare,1,1,6
19,Male,52,A-Value,20000,29,Entertainment,4,1,4
20,Female,35,B-value,62000,98,Artist,5,0,1
21,Male,35,B-value,96000,35,Homemaker,7,12,1
22,Male,25,B-value,4000,73,Healthcare,1,3,4
23,Female,46,B-value,42000,5,Artist,5,13,2
24,Male,31,B-value,71000,73,Artist,5,5,2
25,Female,54,A-Value,67000,14,Executive,6,1,3
26,Male,29,B-value,52000,82,Artist,5,1,3
27,Female,45,B-value,68000,32,Healthcare,1,9,8
28,Male,35,B-value,78000,61,Artist,5,1,3
29,Female,40,B-value,18000,31,Artist,5,0,1
30,Female,23,B-value,20000,87,Artist,5,5,4
31,Male,60,A-Value,39000,4,Artist,5,0,3
32,Female,21,B-value,34000,73,Doctor,8,1,2
33,Male,53,A-Value,59000,4,Healthcare,1,1,3
34,Male,18,B-value,62000,92,Homemaker,7,9,7
35,Female,49,B-value,91000,14,Lawyer,3,1,2
36,Female,21,B-value,95000,81,Healthcare,1,3,4
37,Female,42,B-value,14000,17,Doctor,8,5,1
38,Female,30,B-value,62000,73,Healthcare,1,1,5
39,Female,36,B-value,9000,26,Artist,5,8,2
40,Female,20,B-value,69000,75,Artist,5,8,2
41,Female,65,A-Value,25000,35,Artist,5,4,1
42,Male,24,B-value,85000,92,Healthcare,1,0,2
43,Male,48,B-value,22000,36,Artist,5,14,3
44,Female,31,B-value,33000,61,Artist,5,1,2
45,Female,49,B-value,72000,28,Engineer,2,8,1
46,Female,24,B-value,3000,65,Lawyer,3,4,2
47,Female,50,B-value,52000,55,Artist,5,0,4
48,Female,27,B-value,71000,47,Healthcare,1,12,1
49,Female,29,B-value,78000,42,Healthcare,1,0,4
50,Female,31,B-value,25000,42,Engineer,2,1,1
51,Female,49,B-value,88000,52,Artist,5,1,2
52,Male,33,B-value,97000,60,Artist,5,1,2
53,Female,31,B-value,74000,54,Artist,5,1,1
54,Male,59,A-Value,68000,60,Entertainment,4,0,2
55,Female,50,B-value,18000,45,Marketing,9,1,1
56,Male,47,B-value,95000,41,Artist,5,14,2
57,Female,51,A-Value,71000,50,Healthcare,1,9,4
58,Male,69,A-Value,8000,46,Doctor,8,8,2
59,Female,27,B-value,57000,51,Artist,5,1,3
60,Male,53,A-Value,89000,46,Lawyer,3,1,6
61,Male,70,A-Value,84000,56,Artist,5,0,2
62,Male,19,B-value,50000,55,Artist,5,9,2
63,Female,67,A-Value,50000,52,Lawyer,3,0,3
64,Female,54,A-Value,48000,59,Lawyer,3,1,2
65,Male,63,A-Value,63000,51,Lawyer,3,7,2
66,Male,18,B-value,9000,59,Entertainment,4,0,2
67,Female,43,B-value,3000,50,Doctor,8,0,2
68,Female,68,A-Value,82000,48,Artist,5,8,4
69,Male,19,B-value,81000,59,Artist,5,0,4
70,Female,32,B-value,97000,47,Homemaker,7,2,2
71,Male,70,A-Value,91000,55,Healthcare,1,8,2
72,Female,47,B-value,9000,42,Entertainment,4,8,2
73,Female,60,A-Value,44000,49,Artist,5,0,5
74,Female,60,A-Value,10000,56,Healthcare,1,8,4
75,Male,59,A-Value,89000,47,Artist,5,0,4
76,Male,26,B-value,49000,54,Homemaker,7,0,3
77,Female,45,B-value,67000,53,Doctor,8,0,2
78,Male,40,B-value,99000,48,Artist,5,4,3
79,Female,23,B-value,97000,52,Engineer,2,2,2
80,Female,49,B-value,98000,42,,10,1,1
81,Male,57,A-Value,52000,51,Healthcare,1,0,4
82,Male,38,B-value,61000,55,Healthcare,1,6,3
83,Male,67,A-Value,120000,41,Artist,5,8,1
84,Female,46,B-value,34000,44,Entertainment,4,8,4
85,Female,21,B-value,24000,57,Marketing,9,1,3
86,Male,48,B-value,31000,46,Healthcare,1,7,5
87,Female,55,A-Value,11000,58,Artist,5,0,3
88,Female,22,B-value,55000,55,Artist,5,5,2
89,Female,34,B-value,76000,60,Entertainment,4,7,3
90,Female,50,B-value,56000,46,Doctor,8,0,2
91,Female,68,A-Value,46000,55,Entertainment,4,0,3
92,Male,18,B-value,36000,41,Artist,5,1,4
93,Male,48,B-value,88000,49,Artist,5,1,2
94,Female,40,B-value,31000,40,Entertainment,4,1,2
95,Female,32,B-value,24000,42,Artist,5,0,1
96,Male,24,B-value,80000,52,Artist,5,10,1
97,Female,47,B-value,2000,47,Artist,5,0,1
98,Female,27,B-value,67000,50,Artist,5,0,2
99,Male,48,B-value,58000,42,Doctor,8,1,2
100,Male,20,B-value,80000,49,Engineer,2,3,3
101,Female,23,B-value,65000,41,Artist,5,0,4
102,Female,49,B-value,4000,48,Executive,6,1,7
103,Male,67,A-Value,98000,59,Artist,5,0,3
104,Male,26,B-value,52000,55,Executive,6,0,5
105,Male,49,B-value,86000,56,Healthcare,1,10,2
106,Female,21,B-value,82000,42,Doctor,8,1,2
107,Female,66,A-Value,43000,50,Homemaker,7,3,2
108,Male,54,A-Value,78000,46,Lawyer,3,1,1
109,Male,68,A-Value,13000,43,Healthcare,1,6,5
110,Male,66,A-Value,13000,48,Healthcare,1,9,3
111,Male,65,A-Value,34000,52,Entertainment,4,4,4
112,Female,19,B-value,25000,54,Artist,5,0,1
113,Female,38,B-value,71000,42,Doctor,8,1,5
114,Male,19,B-value,2000,46,Artist,5,1,1
115,Female,18,B-value,97000,48,Executive,6,0,3
116,Female,19,B-value,51000,50,Executive,6,8,4
117,Female,63,A-Value,9000,43,Lawyer,3,1,1
118,Female,49,B-value,79000,59,Artist,5,0,2
119,Female,51,A-Value,84000,43,,10,2,7
120,Female,50,B-value,87000,57,Artist,5,1,2
121,Male,27,B-value,36000,56,Executive,6,0,3
122,Female,38,B-value,50000,40,Executive,6,1,4
123,Female,40,B-value,97000,58,Engineer,2,9,4
124,Male,39,B-value,6000,91,Healthcare,1,1,3
125,Female,23,B-value,12000,29,Entertainment,4,9,2
126,Female,31,B-value,46000,77,Marketing,9,1,2
127,Male,43,B-value,89000,35,Engineer,2,0,7
128,Male,40,B-value,4000,95,Artist,5,0,2
129,Male,59,A-Value,38000,11,Engineer,2,0,2
130,Male,38,B-value,64000,75,Entertainment,4,8,5
131,Male,47,B-value,66000,9,Executive,6,9,5
132,Male,39,B-value,26000,75,Lawyer,3,0,2
133,Female,25,B-value,41000,34,Healthcare,1,6,4
134,Female,31,B-value,45000,71,Artist,5,5,1
135,Male,20,B-value,89000,5,Engineer,2,1,2
136,Female,29,B-value,92000,88,Executive,6,5,5
137,Female,44,B-value,76000,7,Artist,5,5,2
138,Male,32,B-value,85000,73,Artist,5,3,4
139,Male,19,B-value,22000,10,Marketing,9,8,4
140,Female,35,B-value,15000,72,Artist,5,4,4
141,Female,57,A-Value,32000,5,Engineer,2,0,2
142,Male,32,B-value,66000,93,Artist,5,0,5
143,Female,28,B-value,62000,40,Doctor,8,5,3
144,Female,32,B-value,85000,87,Lawyer,3,1,2
145,Male,25,B-value,71000,12,Engineer,2,0,5
146,Male,28,B-value,26000,97,Marketing,9,8,5
147,Male,48,B-value,52000,36,Engineer,2,9,2
148,Female,32,B-value,38000,74,Lawyer,3,1,1
149,Female,34,B-value,51000,22,Healthcare,1,7,4
150,Male,34,B-value,90000,90,Artist,5,6,3
151,Male,43,B-value,30000,17,Lawyer,3,0,9
152,Male,39,B-value,41000,88,Engineer,2,0,1
153,Female,44,B-value,17000,20,Engineer,2,0,2
154,Female,38,B-value,92000,76,Artist,5,2,2
155,Female,47,B-value,80000,16,Healthcare,1,0,4
156,Female,27,B-value,10000,89,Marketing,9,8,4
157,Male,37,B-value,16000,1,Executive,6,1,1
158,Female,30,B-value,87000,78,Artist,5,3,4
159,Male,34,B-value,66000,1,Lawyer,3,1,2
160,Female,30,B-value,86000,73,Artist,5,3,3
161,Female,56,A-Value,9000,35,Artist,5,1,1
162,Female,29,B-value,50000,83,Healthcare,1,1,5
163,Male,19,B-value,35000,5,Executive,6,0,5
164,Female,31,B-value,58000,93,Healthcare,1,1,5
165,Male,50,B-value,47000,26,Doctor,8,0,2
166,Female,36,B-value,54000,75,Artist,5,5,3
167,Male,42,B-value,79000,20,Homemaker,7,9,3
168,Female,33,B-value,83000,95,Artist,5,0,5
169,Female,36,B-value,57000,27,Artist,5,0,3
170,Male,32,B-value,0,63,Artist,5,2,2
171,Male,40,B-value,69000,13,Artist,5,3,5
172,Male,28,B-value,4000,75,Executive,6,0,2
173,Male,36,B-value,79000,10,Lawyer,3,0,2
174,Male,36,B-value,99000,92,Artist,5,5,2
175,Female,52,A-Value,20000,13,Lawyer,3,0,2
176,Female,30,B-value,28000,86,Artist,5,3,4
177,Male,58,A-Value,29000,15,Engineer,2,11,1
178,Male,27,B-value,45000,69,Healthcare,1,2,6
179,Male,59,A-Value,86000,14,Healthcare,1,4,3
180,Male,35,B-value,42000,90,Engineer,2,8,1
181,Female,37,B-value,59000,32,Artist,5,7,2
182,Female,32,B-value,61000,86,Entertainment,4,7,5
183,Male,46,B-value,11000,15,Artist,5,7,1
184,Female,29,B-value,66000,88,Artist,5,4,4
185,Female,41,B-value,39000,39,Artist,5,1,1
186,Male,30,B-value,72000,97,Artist,5,6,2
187,Female,54,A-Value,14000,24,Lawyer,3,1,2
188,Male,28,B-value,44000,68,Doctor,8,5,3
189,Female,41,B-value,76000,17,Engineer,2,8,2
190,Female,36,B-value,95000,85,Artist,5,4,2
191,Female,34,B-value,92000,23,Artist,5,5,3
192,Female,32,B-value,98000,69,Artist,5,8,2
193,Male,33,B-value,96000,8,Executive,6,9,2
194,Female,38,B-value,45000,91,Artist,5,10,4
195,Female,47,B-value,8000,16,Artist,5,7,2
196,Female,35,B-value,46000,79,Executive,6,1,3
197,Female,45,B-value,78000,28,Artist,5,0,2
198,Male,32,B-value,4000,74,Artist,5,1,5
199,Male,32,B-value,81000,18,Executive,6,1,2
200,Male,30,B-value,33000,83,Artist,5,4,2
201,Female,21,B-value,40000,10,Healthcare,1,0,3
202,Male,34,B-value,85000,16,Healthcare,1,9,3
203,Female,16,B-value,60000,0,Engineer,2,6,8
204,Female,76,A-Value,60000,39,Healthcare,1,4,2
205,Female,62,A-Value,63000,59,Entertainment,4,0,2
206,Female,63,A-Value,10000,52,Healthcare,1,8,3
207,Female,19,B-value,55000,61,Healthcare,1,0,3
208,Male,46,B-value,93000,12,Artist,5,2,1
209,Female,48,B-value,15000,7,Doctor,8,0,2
210,Female,80,A-Value,39000,33,Engineer,2,9,4
211,Female,1,B-value,57000,93,Engineer,2,1,2
212,Female,0,B-value,22000,92,Artist,5,2,1
213,Male,86,A-Value,12000,70,Marketing,9,2,4
214,Male,49,B-value,50000,82,Lawyer,3,8,1
215,Male,48,B-value,95000,68,Doctor,8,2,4
216,Female,46,B-value,66000,70,Healthcare,1,3,3
217,Male,79,A-Value,20000,40,Doctor,8,6,2
218,Female,83,A-Value,35000,99,Doctor,8,8,2
219,Female,66,A-Value,71000,34,Executive,6,9,2
220,Female,59,A-Value,76000,61,,10,9,1
221,Female,39,B-value,84000,33,Artist,5,5,3
222,Female,95,A-Value,72000,51,Engineer,2,4,2
223,Male,43,B-value,33000,55,Artist,5,4,3
224,Female,93,A-Value,93000,37,Healthcare,1,1,5
225,Female,40,B-value,83000,48,Homemaker,7,4,1
226,Female,78,A-Value,23000,8,Engineer,2,1,1
227,Female,25,B-value,40000,77,Artist,5,5,4
228,Male,76,A-Value,89000,86,Healthcare,1,9,4
229,Male,0,B-value,33000,64,Marketing,9,1,1
230,Male,15,B-value,94000,30,Healthcare,1,7,2
231,Female,6,B-value,93000,53,Lawyer,3,8,2
232,Male,84,A-Value,7000,28,Healthcare,1,0,4
233,Female,67,A-Value,18000,88,Lawyer,3,0,2
234,Female,78,A-Value,3000,14,Healthcare,1,0,4
235,Female,4,B-value,84000,54,Artist,5,9,1
236,Female,29,B-value,62000,34,Healthcare,1,0,4
237,Male,91,A-Value,9000,96,Healthcare,1,1,5
238,Male,95,A-Value,36000,35,,10,0,4
239,Male,55,A-Value,37000,74,Lawyer,3,1,4
240,Female,14,B-value,50000,11,Artist,5,1,2
241,Male,92,A-Value,83000,16,Executive,6,1,5
242,Female,65,A-Value,79000,17,Artist,5,0,3
243,Female,84,A-Value,40000,14,Healthcare,1,1,4
244,Female,77,A-Value,47000,58,Artist,5,0,6
245,Female,53,A-Value,4000,20,Artist,5,0,4
246,Female,28,B-value,38000,75,Entertainment,4,7,2
247,Male,23,B-value,0,96,Doctor,8,1,3
248,Female,32,B-value,7000,16,Artist,5,1,2
249,Female,37,B-value,41000,2,Artist,5,1,2
250,Female,89,A-Value,65000,0,Engineer,2,0,5
251,Male,80,A-Value,20000,93,Engineer,2,1,3
252,Female,27,B-value,44000,65,Doctor,8,8,1
253,Female,78,A-Value,3000,14,Artist,5,5,4
254,Female,86,A-Value,72000,13,Lawyer,3,7,3
255,Female,46,B-value,27000,32,Engineer,2,4,4
256,Male,59,A-Value,85000,49,Lawyer,3,4,2
257,Male,12,B-value,38000,18,Executive,6,10,1
258,Male,79,A-Value,73000,96,Homemaker,7,6,7
259,Female,79,A-Value,64000,64,Artist,5,2,3
260,Male,26,B-value,26000,60,Executive,6,6,4
261,Female,63,A-Value,47000,16,Artist,5,2,3
262,Female,52,A-Value,35000,85,Doctor,8,2,6
263,Female,32,B-value,31000,24,Lawyer,3,2,3
264,Female,64,A-Value,13000,38,Engineer,2,3,4
265,Female,37,B-value,79000,10,Homemaker,7,1,7
266,Male,7,B-value,82000,39,Entertainment,4,2,2
267,Female,40,B-value,28000,68,Artist,5,1,1
268,Female,78,A-Value,36000,79,Artist,5,0,3
269,Female,34,B-value,8000,76,Entertainment,4,6,6
270,Female,52,A-Value,88000,39,Artist,5,1,2
271,Male,94,A-Value,91000,36,Entertainment,4,0,4
272,Female,1,B-value,12000,82,Doctor,8,0,3
273,Female,96,A-Value,1000,76,Entertainment,4,0,3
274,Female,18,B-value,143000,99,Artist,5,0,2
275,Female,37,B-value,18000,57,Artist,5,1,2
276,Male,78,A-Value,65000,89,Lawyer,3,1,2
277,Male,16,B-value,9000,88,Executive,6,7,4
278,Male,93,A-Value,95000,21,Artist,5,1,1
279,Female,74,A-Value,78000,12,Engineer,2,9,3
280,Male,68,A-Value,48000,73,Healthcare,1,3,3
281,Female,32,B-value,63000,87,Executive,6,1,4
282,Female,43,B-value,85000,63,Marketing,9,1,2
283,Female,52,A-Value,43000,58,Artist,5,1,3
284,Female,63,A-Value,74000,20,Artist,5,1,2
285,Female,33,B-value,67000,11,Healthcare,1,0,1
286,Male,86,A-Value,59000,40,Artist,5,0,1
287,Female,85,A-Value,140000,84,Entertainment,4,1,1
288,Female,73,A-Value,31000,47,Healthcare,1,1,2
289,Female,21,B-value,5000,91,Marketing,9,0,1
290,Female,93,A-Value,19000,58,Engineer,2,1,3
291,Male,9,B-value,27000,62,Entertainment,4,7,1
292,Female,10,B-value,68000,80,Doctor,8,6,3
293,Male,11,B-value,38000,66,Artist,5,8,8
294,Female,48,B-value,50000,36,Engineer,2,6,4
295,Female,73,A-Value,80000,73,Entertainment,4,2,2
296,Female,66,A-Value,69000,43,Executive,6,9,3
297,Female,79,A-Value,31000,91,Engineer,2,3,3
298,Male,62,A-Value,87000,41,Doctor,8,6,2
299,Male,17,B-value,79000,16,Artist,5,1,3
300,Male,32,B-value,32000,86,Entertainment,4,5,2
301,Male,85,A-Value,153787,100,Entertainment,4,3,3
302,Male,31,B-value,95851,16,Healthcare,1,5,2
303,Female,31,B-value,145015,73,Healthcare,1,6,3
304,Female,38,B-value,148539,7,Healthcare,1,5,2
305,Female,90,A-Value,117319,21,Lawyer,3,1,2
306,Female,65,A-Value,180243,26,Marketing,9,6,2
307,Female,63,A-Value,165052,12,Artist,5,4,2
308,Female,61,A-Value,120487,14,Doctor,8,0,2
309,Male,26,B-value,112766,83,Engineer,2,8,4
310,Female,17,B-value,156488,65,Engineer,2,1,4
311,Male,56,A-Value,97562,15,Executive,6,5,6
312,Female,12,B-value,77501,30,Engineer,2,5,4
313,Female,24,B-value,118302,100,Lawyer,3,5,1
314,Female,13,B-value,64277,9,Executive,6,9,4
315,Male,12,B-value,53927,77,Doctor,8,2,3
316,Male,72,A-Value,93921,93,Lawyer,3,9,2
317,Female,54,A-Value,132046,8,Homemaker,7,4,4
318,Male,45,B-value,183217,91,Artist,5,7,2
319,Male,66,A-Value,182937,44,Marketing,9,8,1
320,Female,27,B-value,68272,56,Healthcare,1,8,4
321,Male,36,B-value,69841,21,Engineer,2,10,2
322,Male,5,B-value,69078,60,Lawyer,3,13,1
323,Female,89,A-Value,110667,100,Healthcare,1,2,4
324,Male,13,B-value,95469,94,Doctor,8,6,1
325,Female,91,A-Value,102861,40,Artist,5,4,1
326,Male,16,B-value,133551,7,Artist,5,3,1
327,Female,63,A-Value,64589,90,Engineer,2,7,1
328,Male,52,A-Value,152755,39,Engineer,2,4,2
329,Female,37,B-value,92313,58,Healthcare,1,1,5
330,Female,78,A-Value,98922,2,Artist,5,2,3
331,Male,24,B-value,165846,33,Engineer,2,0,4
332,Female,4,B-value,93713,62,Engineer,2,3,4
333,Male,84,A-Value,137641,67,Healthcare,1,0,5
334,Male,0,B-value,173743,96,Artist,5,0,4
335,Female,67,A-Value,116126,58,Entertainment,4,10,2
336,Female,32,B-value,112246,30,Healthcare,1,8,3
337,Female,39,B-value,69384,75,Healthcare,1,1,5
338,Female,68,A-Value,76529,62,Healthcare,1,0,2
339,Female,7,B-value,123804,28,Doctor,8,14,1
340,Female,76,A-Value,68292,55,Artist,5,8,2
341,Female,84,A-Value,173185,99,Artist,5,3,1
342,Male,75,A-Value,142034,82,Entertainment,4,1,4
343,Male,22,B-value,107941,61,Artist,5,0,1
344,Female,90,A-Value,149840,61,Engineer,2,1,1
345,Female,4,B-value,148431,99,Healthcare,1,1,8
346,Female,78,A-Value,126599,84,Lawyer,3,0,3
347,Female,58,A-Value,57180,22,Healthcare,1,9,1
348,Female,99,A-Value,184426,41,Artist,5,9,1
349,Female,24,B-value,151085,39,Marketing,9,2,5
350,Female,88,A-Value,166107,98,Artist,5,13,4
351,Female,92,A-Value,67850,91,Artist,5,9,4
352,Male,99,A-Value,173394,4,Engineer,2,13,1
353,Female,51,A-Value,72303,98,Lawyer,3,7,1
354,Male,23,B-value,181760,35,Healthcare,1,14,3
355,Female,13,B-value,146858,75,Doctor,8,9,1
356,Male,22,B-value,172923,20,Engineer,2,6,1
357,Female,89,A-Value,115811,87,Homemaker,7,11,4
358,Male,20,B-value,184324,51,Marketing,9,13,5
359,Female,72,A-Value,67353,19,Lawyer,3,9,3
360,Male,17,B-value,165999,71,Healthcare,1,9,3
361,Male,90,A-Value,164914,18,Artist,5,8,3
362,Male,99,A-Value,63364,61,Entertainment,4,1,2
363,Female,39,B-value,182352,73,Engineer,2,4,3
364,Female,37,B-value,148544,56,Entertainment,4,1,2
365,Male,46,B-value,62833,85,Artist,5,1,2
366,Male,65,A-Value,120627,72,Healthcare,1,0,2
367,Female,60,A-Value,130898,30,Artist,5,1,1
368,Female,93,A-Value,103130,74,Executive,6,12,3
369,Male,72,A-Value,106681,15,Healthcare,1,9,5
370,Female,36,B-value,87353,25,Entertainment,4,1,5
371,Male,52,A-Value,88046,61,Artist,5,8,1
372,Female,72,A-Value,98168,49,Entertainment,4,1,2
373,Female,28,B-value,178265,5,Lawyer,3,2,1
374,Female,48,B-value,167232,92,Doctor,8,6,4
375,Male,85,A-Value,140478,43,Doctor,8,6,4
376,Male,22,B-value,159296,83,Artist,5,8,1
377,Female,30,B-value,144043,78,Doctor,8,1,1
378,Male,46,B-value,72594,64,Artist,5,1,2
379,Female,82,A-Value,180288,77,Artist,5,2,2
380,Female,73,A-Value,165734,51,Entertainment,4,0,1
381,Male,8,B-value,175407,2,Artist,5,5,1
382,Male,90,A-Value,70201,8,Engineer,2,0,2
383,Male,34,B-value,91503,26,Artist,5,0,6
384,Female,10,B-value,184522,43,Artist,5,0,2
385,Female,79,A-Value,143560,83,Artist,5,1,3
386,Male,83,A-Value,131574,97,Artist,5,1,2
387,Female,20,B-value,151124,18,Artist,5,15,3
388,Female,25,B-value,67447,5,Artist,5,15,2
389,Female,26,B-value,117454,8,Healthcare,1,16,2
390,Female,18,B-value,86203,23,Doctor,8,13,1
391,Female,7,B-value,136231,10,Artist,5,7,1
392,Male,1,B-value,89144,1,Doctor,8,12,2
393,Male,21,B-value,119116,30,Artist,5,17,4
394,Female,86,A-Value,163463,31,Artist,5,9,4
395,Female,75,A-Value,151696,82,Artist,5,15,1
396,Male,78,A-Value,184736,52,Lawyer,3,13,1
397,Female,87,A-Value,70419,69,Homemaker,7,6,4
398,Female,8,B-value,119104,41,Entertainment,4,14,3
399,Male,59,A-Value,130950,28,Executive,6,5,3
400,Male,13,B-value,140950,77,Artist,5,15,2
401,Female,55,A-Value,82285,35,Engineer,2,16,1
402,Female,50,B-value,91389,92,Healthcare,1,11,7
403,Male,54,A-Value,186359,95,Doctor,8,13,2
404,Male,13,B-value,178989,46,Doctor,8,14,3
405,Male,79,A-Value,166335,45,Engineer,2,5,5
406,Female,65,A-Value,119889,11,Artist,5,17,6
407,Female,51,A-Value,66852,73,Executive,6,15,3
408,Male,18,B-value,103896,36,Executive,6,16,4
409,Male,21,B-value,187761,87,Healthcare,1,2,3
410,Male,37,B-value,102717,93,Healthcare,1,7,4
411,Male,83,A-Value,102647,83,Entertainment,4,0,2
412,Female,96,A-Value,113585,31,Lawyer,3,0,4
413,Female,65,A-Value,86509,88,Artist,5,0,4
414,Male,80,A-Value,59099,44,Marketing,9,1,7
415,Female,75,A-Value,135088,5,Lawyer,3,1,5
416,Female,87,A-Value,110870,78,Engineer,2,1,4
417,Female,86,A-Value,187667,12,Artist,5,0,1
418,Female,36,B-value,124614,25,Artist,5,8,5
419,Female,78,A-Value,166492,40,Homemaker,7,9,7
420,Female,62,A-Value,172758,69,Entertainment,4,1,2
421,Male,89,A-Value,122430,19,Healthcare,1,1,1
422,Female,56,A-Value,183540,96,Entertainment,4,0,6
423,Female,35,B-value,96484,34,Artist,5,5,4
424,Male,33,B-value,112587,71,Artist,5,1,4
425,Female,58,A-Value,155672,71,Entertainment,4,7,7
426,Female,68,A-Value,72847,93,Artist,5,1,2
427,Male,38,B-value,71897,32,Entertainment,4,2,3
428,Male,31,B-value,158479,57,Doctor,8,1,5
429,Male,90,A-Value,89251,4,Entertainment,4,1,1
430,Male,28,B-value,179911,24,Engineer,2,1,1
431,Male,1,B-value,111558,85,Healthcare,1,7,4
432,Male,78,A-Value,127615,78,Executive,6,10,7
433,Female,23,B-value,50076,32,Artist,5,3,5
434,Female,25,B-value,77779,62,Artist,5,4,1
435,Male,59,A-Value,169999,38,Engineer,2,5,5
436,Female,7,B-value,106581,76,Doctor,8,1,7
437,Female,24,B-value,78223,41,Lawyer,3,0,1
438,Male,76,A-Value,136259,14,,10,0,7
439,Male,37,B-value,153399,93,Entertainment,4,1,6
440,Female,6,B-value,162858,91,Artist,5,0,1
441,Female,0,B-value,57373,29,,10,0,7
442,Male,3,B-value,133602,47,Artist,5,1,1
443,Female,95,A-Value,66322,88,Artist,5,0,3
444,Female,0,B-value,68761,16,Lawyer,3,1,4
445,Male,7,B-value,70749,86,Artist,5,13,3
446,Male,54,A-Value,65874,87,Artist,5,7,6
447,Male,89,A-Value,115996,24,Engineer,2,15,1
448,Female,58,A-Value,67097,91,Engineer,2,6,1
449,Female,12,B-value,108027,64,Artist,5,13,5
450,Male,7,B-value,176349,80,Healthcare,1,8,2
451,Male,11,B-value,88452,40,Healthcare,1,8,6
452,Male,74,A-Value,128266,55,Engineer,2,7,4
453,Female,64,A-Value,156777,20,Healthcare,1,7,2
454,Female,48,B-value,123234,50,Lawyer,3,10,7
455,Female,8,B-value,60790,38,Artist,5,1,5
456,Female,15,B-value,181332,99,Artist,5,14,6
457,Male,1,B-value,187297,7,Artist,5,0,1
458,Female,21,B-value,153885,86,Artist,5,6,6
459,Male,84,A-Value,53500,44,Marketing,9,3,4
460,Female,5,B-value,69443,28,Doctor,8,4,6
461,Female,47,B-value,124072,56,Lawyer,3,0,7
462,Female,96,A-Value,135800,29,Healthcare,1,0,7
463,Male,93,A-Value,120597,96,Artist,5,2,4
464,Female,16,B-value,91358,11,Entertainment,4,1,4
465,Male,56,A-Value,53231,41,Marketing,9,0,5
466,Female,76,A-Value,156330,31,Engineer,2,1,2
467,Male,0,B-value,186002,80,Doctor,8,15,2
468,Female,70,A-Value,111760,53,Executive,6,12,5
469,Female,47,B-value,143906,12,Artist,5,4,3
470,Male,13,B-value,182410,22,Healthcare,1,11,4
471,Male,86,A-Value,98463,46,Homemaker,7,10,5
472,Male,91,A-Value,93762,28,Artist,5,15,7
473,Male,97,A-Value,104582,50,Healthcare,1,8,2
474,Male,20,B-value,130813,92,Artist,5,17,5
475,Female,11,B-value,59202,92,Healthcare,1,5,4
476,Female,28,B-value,79968,45,Lawyer,3,9,2
477,Male,32,B-value,104824,42,Artist,5,0,7
478,Male,82,A-Value,188719,30,Lawyer,3,0,6
479,Male,39,B-value,187536,66,Healthcare,1,3,6
480,Male,7,B-value,134008,85,Entertainment,4,2,1
481,Female,13,B-value,176397,71,Artist,5,6,3
482,Female,34,B-value,154888,43,Healthcare,1,9,6
483,Male,76,A-Value,155622,81,Healthcare,1,0,2
484,Female,30,B-value,62330,60,Healthcare,1,1,1
485,Female,69,A-Value,112838,34,Healthcare,1,1,7
486,Male,22,B-value,58283,59,Homemaker,7,2,4
487,Female,60,A-Value,77857,81,Artist,5,1,6
488,Male,66,A-Value,125024,25,Artist,5,0,1
489,Female,57,A-Value,136242,34,Artist,5,9,1
490,Female,60,A-Value,81934,81,Healthcare,1,1,4
491,Female,59,A-Value,130511,97,Artist,5,3,4
492,Female,54,A-Value,144502,88,Lawyer,3,3,1
493,Male,90,A-Value,63769,6,Artist,5,4,2
494,Female,14,B-value,66760,20,Artist,5,0,4
495,Female,34,B-value,135115,54,Entertainment,4,1,7
496,Female,85,A-Value,179877,17,Healthcare,1,12,4
497,Female,83,A-Value,93351,65,Doctor,8,1,1
498,Male,12,B-value,84547,96,Homemaker,7,3,3
499,Male,95,A-Value,121725,3,,10,12,3
500,Male,41,B-value,65723,91,Artist,5,6,7
501,Female,38,B-value,96794,96,Healthcare,1,6,3
502,Male,68,A-Value,72352,61,Healthcare,1,8,5
503,Female,4,B-value,53097,21,Healthcare,1,0,7
504,Female,5,B-value,144831,17,Artist,5,1,3
505,Female,3,B-value,183851,10,Doctor,8,1,2
506,Female,20,B-value,111896,90,Executive,6,1,3
507,Female,3,B-value,64824,30,Executive,6,1,1
508,Male,36,B-value,88565,16,Healthcare,1,1,5
509,Female,70,A-Value,104974,63,Artist,5,1,1
510,Female,17,B-value,167060,47,Artist,5,1,5
511,Female,31,B-value,69018,17,Artist,5,6,1
512,Female,48,B-value,174109,96,Entertainment,4,0,1
513,Male,28,B-value,62186,29,Marketing,9,0,1
514,Male,97,A-Value,183783,70,Healthcare,1,9,3
515,Male,81,A-Value,83771,1,Artist,5,1,2
516,Female,37,B-value,148196,91,Artist,5,0,2
517,Male,85,A-Value,131742,87,Entertainment,4,1,1
518,Female,78,A-Value,59971,94,Homemaker,7,14,7
519,Female,13,B-value,88960,2,Entertainment,4,13,3
520,Female,53,A-Value,140107,38,Healthcare,1,1,5
521,Female,41,B-value,161896,49,Entertainment,4,1,3
522,Female,9,B-value,57272,60,Engineer,2,1,1
523,Male,20,B-value,119952,2,Healthcare,1,8,2
524,Female,98,A-Value,167197,63,Doctor,8,1,5
525,Female,44,B-value,186116,2,Healthcare,1,8,6
526,Female,66,A-Value,134677,59,Healthcare,1,15,5
527,Female,58,A-Value,180479,74,Healthcare,1,0,3
528,Male,97,A-Value,112783,21,Artist,5,9,6
529,Male,13,B-value,150258,17,Doctor,8,0,3
530,Male,48,B-value,115832,92,Artist,5,2,2
531,Female,47,B-value,104834,44,Artist,5,0,7
532,Male,93,A-Value,152571,66,Doctor,8,14,5
533,Female,11,B-value,162287,45,Engineer,2,3,2
534,Female,68,A-Value,171761,59,Doctor,8,1,6
535,Female,87,A-Value,77709,73,Artist,5,0,1
536,Female,22,B-value,95053,17,Entertainment,4,1,2
537,Male,89,A-Value,74820,33,Doctor,8,1,2
538,Male,57,A-Value,152267,92,Engineer,2,9,5
539,Male,91,A-Value,71925,14,Artist,5,4,2
540,Female,84,A-Value,151340,95,Artist,5,1,7
541,Male,56,A-Value,162921,51,Executive,6,0,4
542,Female,26,B-value,52234,30,Executive,6,1,2
543,Female,56,A-Value,100271,87,Artist,5,1,5
544,Female,6,B-value,170266,23,Artist,5,3,2
545,Female,33,B-value,88763,1,Entertainment,4,1,1
546,Female,89,A-Value,107359,26,,10,10,6
547,Male,99,A-Value,164781,83,Engineer,2,0,2
548,Female,25,B-value,156016,85,Artist,5,2,1
549,Female,96,A-Value,186882,40,Entertainment,4,1,7
550,Female,35,B-value,99300,88,Homemaker,7,5,2
551,Male,16,B-value,58127,65,Marketing,9,0,3
552,Female,81,A-Value,89211,12,Doctor,8,1,7
553,Female,7,B-value,148607,59,Homemaker,7,1,7
554,Female,31,B-value,139592,62,Marketing,9,1,1
555,Female,16,B-value,172051,62,Healthcare,1,1,3
556,Male,89,A-Value,57033,99,Artist,5,0,4
557,Male,84,A-Value,117612,63,Engineer,2,0,6
558,Male,40,B-value,185321,96,Artist,5,0,7
559,Female,17,B-value,186577,5,Healthcare,1,8,5
560,Male,0,B-value,151298,89,Artist,5,0,6
561,Female,69,A-Value,123925,52,Artist,5,1,7
562,Female,17,B-value,169496,12,Lawyer,3,11,6
563,Female,0,B-value,142892,25,Entertainment,4,8,1
564,Female,34,B-value,58979,3,Entertainment,4,9,5
565,Female,51,A-Value,141416,100,Healthcare,1,15,1
566,Male,54,A-Value,104854,67,Healthcare,1,1,7
567,Female,19,B-value,180331,14,Artist,5,17,5
568,Female,99,A-Value,172896,13,Engineer,2,0,3
569,Female,2,B-value,101451,82,Healthcare,1,4,3
570,Female,91,A-Value,189974,37,Engineer,2,8,1
571,Male,65,A-Value,90084,65,Artist,5,1,6
572,Female,47,B-value,112247,24,Executive,6,4,5
573,Female,91,A-Value,181775,61,Artist,5,4,5
574,Female,64,A-Value,59088,31,Artist,5,1,3
575,Female,91,A-Value,60856,23,Artist,5,1,6
576,Male,32,B-value,149900,34,Artist,5,6,3
577,Male,15,B-value,142776,98,Engineer,2,8,5
578,Male,22,B-value,162598,84,Artist,5,8,3
579,Female,37,B-value,146195,89,Healthcare,1,4,4
580,Male,83,A-Value,135268,53,Lawyer,3,4,5
581,Female,89,A-Value,136037,1,Marketing,9,5,1
582,Female,33,B-value,111191,67,Artist,5,9,4
583,Female,13,B-value,144111,62,Entertainment,4,12,5
584,Female,71,A-Value,177359,56,Doctor,8,6,2
585,Female,10,B-value,112818,85,Marketing,9,15,7
586,Male,49,B-value,53509,98,Artist,5,5,4
587,Female,9,B-value,168269,75,Executive,6,10,2
588,Female,53,A-Value,86766,2,Lawyer,3,16,3
589,Female,63,A-Value,52661,25,Healthcare,1,12,5
590,Female,46,B-value,148520,14,Healthcare,1,11,5
591,Male,42,B-value,149936,52,Artist,5,15,3
592,Female,73,A-Value,102296,31,Entertainment,4,7,5
593,Male,75,A-Value,178416,16,Executive,6,10,7
594,Female,49,B-value,83788,41,Doctor,8,15,1
595,Female,96,A-Value,184771,77,Engineer,2,8,5
596,Female,52,A-Value,70302,88,Executive,6,14,3
597,Female,15,B-value,58639,51,Entertainment,4,5,7
598,Male,91,A-Value,97879,40,Entertainment,4,15,7
599,Male,22,B-value,64707,29,Entertainment,4,7,3
600,Male,62,A-Value,71795,87,Healthcare,1,8,1
601,Male,41,B-value,76567,85,Doctor,8,16,1
602,Male,61,A-Value,126370,20,,10,11,4
603,Female,71,A-Value,154007,32,Artist,5,7,7
604,Female,91,A-Value,69720,78,Lawyer,3,17,6
605,Female,94,A-Value,85265,68,Executive,6,7,6
606,Female,3,B-value,155864,31,Healthcare,1,13,3
607,Female,15,B-value,99421,72,Artist,5,8,7
608,Female,96,A-Value,145457,57,Executive,6,2,1
609,Male,12,B-value,118041,77,Artist,5,9,2
610,Female,23,B-value,73759,83,Doctor,8,0,7
611,Male,94,A-Value,90082,17,Artist,5,5,7
612,Female,7,B-value,74928,12,Artist,5,0,6
613,Female,74,A-Value,101352,36,Lawyer,3,0,5
614,Female,52,A-Value,93947,81,Healthcare,1,9,2
615,Male,39,B-value,134629,23,Engineer,2,1,6
616,Male,72,A-Value,101858,70,Healthcare,1,8,6
617,Female,55,A-Value,165501,47,Artist,5,10,4
618,Male,29,B-value,135931,74,Lawyer,3,5,1
619,Male,38,B-value,103356,20,Marketing,9,1,6
620,Female,44,B-value,75195,79,Artist,5,1,3
621,Male,58,A-Value,123083,44,Entertainment,4,6,5
622,Male,77,A-Value,73884,30,Healthcare,1,1,2
623,Female,56,A-Value,91180,61,Entertainment,4,1,7
624,Male,79,A-Value,86235,52,Artist,5,0,2
625,Female,97,A-Value,96400,4,Doctor,8,1,7
626,Male,78,A-Value,83599,12,Healthcare,1,1,6
627,Female,91,A-Value,82535,50,Healthcare,1,0,1
628,Male,35,B-value,92227,8,Lawyer,3,0,5
629,Female,43,B-value,150444,27,Artist,5,13,4
630,Female,37,B-value,149095,83,Lawyer,3,1,2
631,Male,63,A-Value,113605,42,Artist,5,3,3
632,Female,16,B-value,93854,82,Healthcare,1,0,7
633,Male,32,B-value,118280,92,Artist,5,0,5
634,Male,91,A-Value,94576,90,Artist,5,0,1
635,Female,33,B-value,129257,70,Executive,6,6,3
636,Female,57,A-Value,70373,10,Healthcare,1,2,6
637,Female,43,B-value,77600,66,Healthcare,1,0,1
638,Female,26,B-value,113707,97,Entertainment,4,0,5
639,Female,59,A-Value,189672,8,Doctor,8,0,7
640,Female,61,A-Value,143180,58,Artist,5,0,5
641,Female,59,A-Value,174890,14,Marketing,9,3,4
642,Male,66,A-Value,121377,19,,10,7,7
643,Male,26,B-value,154857,13,Healthcare,1,0,7
644,Female,67,A-Value,160945,51,Healthcare,1,0,5
645,Female,85,A-Value,119557,35,Artist,5,0,2
646,Female,76,A-Value,187141,33,Doctor,8,0,7
647,Female,57,A-Value,97468,22,Artist,5,0,1
648,Female,77,A-Value,160351,77,Lawyer,3,8,5
649,Female,66,A-Value,178627,94,Healthcare,1,1,2
650,Female,49,B-value,170188,80,Lawyer,3,1,6
651,Female,36,B-value,166007,40,Doctor,8,1,4
652,Male,74,A-Value,91794,83,Entertainment,4,0,7
653,Female,16,B-value,189072,86,Artist,5,6,3
654,Male,27,B-value,152717,15,Executive,6,1,6
655,Female,3,B-value,158549,98,Executive,6,0,3
656,Male,31,B-value,134263,94,Marketing,9,1,3
657,Female,30,B-value,148236,28,Executive,6,1,1
658,Male,94,A-Value,171677,81,Artist,5,0,6
659,Female,31,B-value,189446,38,Artist,5,1,6
660,Male,49,B-value,106633,53,Artist,5,0,3
661,Male,49,B-value,81084,48,Executive,6,6,5
662,Male,53,A-Value,148759,52,Doctor,8,7,7
663,Female,3,B-value,117638,95,Healthcare,1,2,7
664,Female,91,A-Value,159537,37,Doctor,8,4,1
665,Male,26,B-value,79526,6,Marketing,9,9,7
666,Male,28,B-value,101414,64,,10,8,1
667,Female,92,A-Value,109519,72,Entertainment,4,1,4
668,Female,59,A-Value,156880,70,Artist,5,0,7
669,Male,15,B-value,157278,58,Artist,5,0,6
670,Female,23,B-value,144916,84,Engineer,2,1,7
671,Male,54,A-Value,59163,100,Marketing,9,3,3
672,Female,93,A-Value,93991,49,Artist,5,1,3
673,Female,65,A-Value,58318,45,Doctor,8,1,1
674,Female,13,B-value,180786,88,Lawyer,3,1,5
675,Male,71,A-Value,84622,45,Doctor,8,0,6
676,Male,1,B-value,92674,59,Artist,5,8,4
677,Female,57,A-Value,87553,94,Artist,5,1,1
678,Male,14,B-value,74174,79,Entertainment,4,1,2
679,Female,77,A-Value,180831,33,Healthcare,1,1,2
680,Female,89,A-Value,137397,33,Doctor,8,1,7
681,Male,17,B-value,96154,100,Artist,5,1,4
682,Male,86,A-Value,172477,69,Entertainment,4,1,3
683,Male,42,B-value,59954,37,Executive,6,4,4
684,Female,29,B-value,112240,95,Entertainment,4,0,4
685,Female,54,A-Value,145679,35,Artist,5,0,2
686,Male,96,A-Value,136265,49,Artist,5,12,5
687,Female,58,A-Value,74869,12,Healthcare,1,0,3
688,Female,52,A-Value,109425,46,Engineer,2,0,1
689,Female,3,B-value,126015,57,Healthcare,1,0,1
690,Female,13,B-value,156951,66,Healthcare,1,4,7
691,Female,3,B-value,127172,68,Healthcare,1,1,2
692,Male,89,A-Value,113834,22,Doctor,8,0,3
693,Male,83,A-Value,132005,2,Entertainment,4,0,5
694,Female,80,A-Value,171323,78,Lawyer,3,10,4
695,Female,74,A-Value,92355,87,Entertainment,4,1,4
696,Male,42,B-value,60982,3,Healthcare,1,0,5
697,Female,91,A-Value,51742,33,Artist,5,8,3
698,Female,31,B-value,138612,71,Executive,6,9,2
699,Male,8,B-value,158123,84,Artist,5,1,1
700,Male,64,A-Value,164675,65,Executive,6,0,5
701,Female,41,B-value,172882,27,Healthcare,1,8,7
702,Female,62,A-Value,70119,93,Artist,5,0,1
703,Male,41,B-value,113998,26,Healthcare,1,7,7
704,Male,22,B-value,114011,40,,10,5,7
705,Male,5,B-value,57265,89,Entertainment,4,7,7
706,Female,38,B-value,130597,2,Artist,5,6,1
707,Female,88,A-Value,121597,7,Engineer,2,0,5
708,Male,56,A-Value,103210,100,Artist,5,6,6
709,Male,47,B-value,66308,8,Executive,6,0,4
710,Male,4,B-value,141336,93,Homemaker,7,2,1
711,Male,82,A-Value,153632,76,Entertainment,4,9,7
712,Female,31,B-value,65520,71,Lawyer,3,1,2
713,Female,69,A-Value,153217,83,Healthcare,1,1,6
714,Male,62,A-Value,92768,75,Doctor,8,1,1
715,Female,54,A-Value,132345,10,Artist,5,0,2
716,Female,60,A-Value,186069,49,Marketing,9,1,2
717,Female,31,B-value,53802,32,Artist,5,1,7
718,Female,17,B-value,103739,62,Healthcare,1,6,4
719,Female,15,B-value,50550,34,Healthcare,1,9,7
720,Female,37,B-value,145648,21,Healthcare,1,7,6
721,Male,36,B-value,85737,37,Executive,6,0,3
722,Female,27,B-value,99950,20,Entertainment,4,0,4
723,Female,11,B-value,83220,21,Engineer,2,7,4
724,Male,83,A-Value,73410,50,Entertainment,4,8,5
725,Female,71,A-Value,64310,43,Marketing,9,2,1
726,Female,20,B-value,59844,79,Doctor,8,0,1
727,Male,3,B-value,67787,1,Executive,6,1,6
728,Male,52,A-Value,172841,4,Engineer,2,0,1
729,Male,75,A-Value,145528,61,Healthcare,1,1,2
730,Male,36,B-value,173807,42,Artist,5,0,2
731,Male,60,A-Value,185794,69,Entertainment,4,7,1
732,Male,8,B-value,119780,71,Healthcare,1,1,3
733,Female,9,B-value,158596,86,Artist,5,1,2
734,Female,41,B-value,118122,52,Entertainment,4,0,6
735,Male,38,B-value,99964,11,Healthcare,1,7,4
736,Female,69,A-Value,120752,27,Executive,6,1,6
737,Female,33,B-value,189630,53,Executive,6,5,5
738,Male,64,A-Value,125510,6,Healthcare,1,3,3
739,Male,19,B-value,101799,49,Engineer,2,1,1
740,Female,88,A-Value,92914,74,Artist,5,0,3
741,Female,91,A-Value,162465,59,Engineer,2,9,3
742,Male,84,A-Value,163818,27,Engineer,2,2,1
743,Female,43,B-value,53832,56,Entertainment,4,4,1
744,Female,30,B-value,140190,49,Engineer,2,1,4
745,Male,16,B-value,125836,69,Healthcare,1,1,4
746,Male,89,A-Value,100938,27,Entertainment,4,0,7
747,Male,5,B-value,168670,37,Artist,5,1,3
748,Female,54,A-Value,176885,10,Entertainment,4,0,3
749,Female,41,B-value,111174,28,Artist,5,4,5
750,Male,80,A-Value,127335,97,Artist,5,6,6
751,Male,37,B-value,149103,3,Healthcare,1,10,1
752,Male,87,A-Value,167705,31,Healthcare,1,0,7
753,Female,50,B-value,183548,85,Entertainment,4,1,4
754,Female,14,B-value,50396,46,Lawyer,3,0,6
755,Female,17,B-value,63557,3,Marketing,9,1,1
756,Female,98,A-Value,87878,55,Artist,5,1,6
757,Male,3,B-value,55634,53,Engineer,2,8,3
758,Female,83,A-Value,118110,26,Engineer,2,1,5
759,Male,13,B-value,129396,36,Artist,5,6,6
760,Female,46,B-value,62628,64,Entertainment,4,8,6
761,Female,25,B-value,51700,17,Healthcare,1,4,6
762,Female,4,B-value,106816,49,Artist,5,7,5
763,Male,64,A-Value,93000,67,Lawyer,3,0,2
764,Female,84,A-Value,144148,71,Doctor,8,1,4
765,Male,12,B-value,101388,90,Artist,5,0,2
766,Female,56,A-Value,171560,78,Engineer,2,0,2
767,Male,58,A-Value,156366,60,Entertainment,4,8,1
768,Female,0,B-value,143910,22,Marketing,9,1,7
769,Female,25,B-value,106569,84,Engineer,2,1,3
770,Male,28,B-value,173009,25,Healthcare,1,9,6
771,Male,78,A-Value,54252,29,Engineer,2,0,5
772,Male,56,A-Value,104600,57,Entertainment,4,6,3
773,Male,91,A-Value,50250,54,Artist,5,0,2
774,Male,77,A-Value,93242,84,Entertainment,4,0,7
775,Female,83,A-Value,156839,38,Artist,5,3,7
776,Female,64,A-Value,71305,39,Artist,5,9,2
777,Male,19,B-value,85975,73,Entertainment,4,0,6
778,Male,94,A-Value,188107,52,Engineer,2,10,2
779,Male,19,B-value,82333,35,Marketing,9,1,2
780,Male,84,A-Value,125016,25,Entertainment,4,1,7
781,Female,10,B-value,148908,10,Healthcare,1,2,3
782,Female,19,B-value,58217,70,Artist,5,0,1
783,Male,74,A-Value,76521,29,Engineer,2,7,4
784,Female,95,A-Value,117763,42,Artist,5,1,2
785,Female,34,B-value,115184,93,Homemaker,7,1,4
786,Male,30,B-value,54251,7,Artist,5,2,6
787,Female,53,A-Value,112530,24,Entertainment,4,2,6
788,Male,67,A-Value,107409,2,Artist,5,1,6
789,Female,23,B-value,84793,23,Homemaker,7,9,6
790,Female,25,B-value,66952,79,Entertainment,4,1,2
791,Female,84,A-Value,153465,11,Lawyer,3,1,4
792,Female,1,B-value,178214,17,Artist,5,1,7
793,Male,70,A-Value,152069,42,Entertainment,4,4,4
794,Female,56,A-Value,132860,17,Healthcare,1,7,2
795,Female,0,B-value,147719,86,Lawyer,3,1,7
796,Female,91,A-Value,172915,29,Doctor,8,9,1
797,Female,81,A-Value,148594,29,Entertainment,4,3,5
798,Male,33,B-value,61986,77,Executive,6,0,1
799,Male,75,A-Value,91456,13,Artist,5,1,4
800,Male,11,B-value,166247,84,Executive,6,1,2
801,Female,61,A-Value,140516,50,Artist,5,0,3
802,Male,81,A-Value,148208,36,,10,5,7
803,Female,62,A-Value,133822,78,Marketing,9,0,4
804,Female,44,B-value,175424,32,Artist,5,4,5
805,Female,67,A-Value,121528,92,Healthcare,1,8,4
806,Female,30,B-value,189369,69,Healthcare,1,0,3
807,Female,92,A-Value,80808,26,Artist,5,1,1
808,Male,25,B-value,57535,84,Entertainment,4,1,7
809,Female,61,A-Value,163509,51,Healthcare,1,0,4
810,Female,72,A-Value,75884,57,Executive,6,0,7
811,Female,89,A-Value,157759,52,Artist,5,1,6
812,Female,37,B-value,184813,44,Executive,6,0,2
813,Male,59,A-Value,187253,51,Executive,6,8,7
814,Male,41,B-value,81718,36,Entertainment,4,1,3
815,Male,60,A-Value,150019,37,Doctor,8,1,2
816,Female,81,A-Value,53452,73,Entertainment,4,1,6
817,Male,85,A-Value,150765,42,Homemaker,7,8,2
818,Female,91,A-Value,154456,71,,10,0,7
819,Female,65,A-Value,56647,12,Doctor,8,6,4
820,Female,19,B-value,117477,48,Healthcare,1,6,7
821,Female,78,A-Value,79677,9,Artist,5,10,7
822,Female,0,B-value,116759,28,Marketing,9,7,3
823,Male,26,B-value,180702,21,Entertainment,4,6,1
824,Female,2,B-value,122698,100,Entertainment,4,8,1
825,Female,60,A-Value,169346,55,Healthcare,1,7,2
826,Female,67,A-Value,93176,25,Artist,5,4,1
827,Female,4,B-value,75853,40,Homemaker,7,4,5
828,Male,7,B-value,119362,58,Engineer,2,8,1
829,Male,28,B-value,81545,36,Artist,5,4,7
830,Male,67,A-Value,67372,75,Artist,5,0,7
831,Female,30,B-value,109703,61,Executive,6,1,1
832,Male,38,B-value,166697,39,Marketing,9,13,4
833,Female,40,B-value,124982,34,Engineer,2,1,7
834,Female,6,B-value,146776,83,Lawyer,3,1,7
835,Female,3,B-value,147548,45,Executive,6,4,5
836,Female,51,A-Value,117620,60,Healthcare,1,7,6
837,Male,63,A-Value,85351,57,Healthcare,1,0,2
838,Male,65,A-Value,174432,8,Artist,5,0,7
839,Male,44,B-value,70787,68,Doctor,8,1,3
840,Female,90,A-Value,75473,63,Healthcare,1,0,7
841,Male,76,A-Value,90082,49,Healthcare,1,1,6
842,Female,62,A-Value,185388,54,Healthcare,1,0,2
843,Female,5,B-value,168110,69,Doctor,8,14,6
844,Female,67,A-Value,184628,38,Artist,5,12,2
845,Female,38,B-value,176551,45,Healthcare,1,8,1
846,Female,31,B-value,76422,21,Healthcare,1,9,7
847,Male,2,B-value,164248,51,Entertainment,4,9,3
848,Female,82,A-Value,109188,38,Lawyer,3,5,7
849,Female,66,A-Value,132951,26,Healthcare,1,4,1
850,Female,75,A-Value,164598,32,Healthcare,1,8,1
851,Male,69,A-Value,186655,32,,10,7,2
852,Female,62,A-Value,111859,86,Healthcare,1,6,1
853,Female,0,B-value,121926,41,Lawyer,3,7,1
854,Female,11,B-value,143047,42,Executive,6,1,3
855,Female,22,B-value,131748,23,Artist,5,1,3
856,Male,76,A-Value,142801,23,Lawyer,3,0,1
857,Male,85,A-Value,142723,46,Engineer,2,0,6
858,Male,21,B-value,155151,16,Marketing,9,14,3
859,Female,64,A-Value,153607,48,Healthcare,1,1,4
860,Male,94,A-Value,144192,34,Healthcare,1,0,3
861,Female,83,A-Value,174159,22,Lawyer,3,4,4
862,Female,93,A-Value,73642,50,Marketing,9,0,3
863,Female,12,B-value,170319,46,Artist,5,8,7
864,Female,0,B-value,141351,10,Engineer,2,0,2
865,Female,79,A-Value,167411,9,Marketing,9,12,5
866,Male,90,A-Value,58289,49,Artist,5,5,6
867,Female,45,B-value,79801,77,Doctor,8,0,2
868,Female,82,A-Value,146118,52,Marketing,9,8,7
869,Female,57,A-Value,57337,14,Healthcare,1,1,4
870,Female,43,B-value,113575,6,Entertainment,4,1,2
871,Male,63,A-Value,122658,65,Engineer,2,6,2
872,Female,62,A-Value,151836,13,Artist,5,0,6
873,Female,43,B-value,185900,80,Homemaker,7,9,4
874,Female,34,B-value,94029,98,Healthcare,1,1,4
875,Female,30,B-value,157290,22,Artist,5,2,2
876,Male,97,A-Value,175996,42,Entertainment,4,10,4
877,Male,68,A-Value,102016,37,Artist,5,0,4
878,Male,16,B-value,77902,67,Artist,5,1,2
879,Female,15,B-value,81138,86,Healthcare,1,9,7
880,Male,25,B-value,128258,48,Executive,6,0,2
881,Female,29,B-value,62475,24,Artist,5,6,4
882,Female,85,A-Value,82854,75,Artist,5,6,4
883,Female,30,B-value,59284,38,Doctor,8,7,7
884,Female,13,B-value,141580,92,Healthcare,1,0,4
885,Female,88,A-Value,171362,90,Executive,6,6,4
886,Male,5,B-value,78274,65,Artist,5,9,2
887,Female,95,A-Value,76646,61,Artist,5,0,1
888,Female,92,A-Value,78308,66,Executive,6,5,2
889,Female,63,A-Value,78971,89,Engineer,2,1,2
890,Female,75,A-Value,65528,73,Marketing,9,1,5
891,Male,67,A-Value,94199,71,Artist,5,5,7
892,Female,58,A-Value,135705,48,Engineer,2,8,7
893,Male,52,A-Value,130573,31,Entertainment,4,8,3
894,Female,85,A-Value,152303,68,Artist,5,1,5
895,Female,31,B-value,144582,89,Doctor,8,1,1
896,Female,84,A-Value,93288,60,Artist,5,10,6
897,Female,93,A-Value,88192,3,Marketing,9,10,2
898,Male,18,B-value,62362,81,Lawyer,3,7,3
899,Male,73,A-Value,74350,39,Lawyer,3,10,1
900,Male,3,B-value,144103,42,Healthcare,1,8,7
901,Male,1,B-value,75518,17,Lawyer,3,7,3
902,Male,53,A-Value,160980,62,Doctor,8,4,2
903,Female,75,A-Value,102904,28,Artist,5,7,6
904,Female,15,B-value,174501,37,,10,9,7
905,Female,47,B-value,157661,57,Healthcare,1,6,6
906,Female,66,A-Value,118385,8,Healthcare,1,10,3
907,Female,17,B-value,116463,100,Artist,5,8,4
908,Female,1,B-value,161212,14,Artist,5,9,6
909,Male,16,B-value,172601,50,Marketing,9,4,6
910,Female,52,A-Value,167214,94,Homemaker,7,8,7
911,Male,21,B-value,69644,19,Artist,5,5,1
912,Female,19,B-value,120215,46,Homemaker,7,7,2
913,Female,29,B-value,180401,23,Engineer,2,7,6
914,Female,40,B-value,113739,93,Artist,5,5,7
915,Male,76,A-Value,111717,41,Healthcare,1,1,2
916,Male,91,A-Value,62808,20,Engineer,2,0,4
917,Female,24,B-value,67582,13,Artist,5,1,3
918,Male,4,B-value,96543,60,Artist,5,9,1
919,Male,90,A-Value,89667,69,Artist,5,0,2
920,Female,56,A-Value,98980,65,Engineer,2,0,1
921,Male,14,B-value,124998,17,Lawyer,3,1,3
922,Male,52,A-Value,189091,12,Artist,5,0,6
923,Female,14,B-value,153842,3,Artist,5,1,3
924,Male,30,B-value,106314,16,Artist,5,0,7
925,Female,70,A-Value,62901,60,Artist,5,8,5
926,Male,14,B-value,149618,78,Healthcare,1,4,6
927,Female,95,A-Value,72068,97,Healthcare,1,0,6
928,Male,25,B-value,81367,87,,10,0,3
929,Female,95,A-Value,118575,10,Entertainment,4,1,3
930,Female,12,B-value,82382,97,Executive,6,1,3
931,Male,82,A-Value,114776,55,Entertainment,4,10,3
932,Female,2,B-value,145597,81,Artist,5,1,6
933,Male,51,A-Value,162072,86,Engineer,2,1,1
934,Male,63,A-Value,172872,11,Healthcare,1,0,7
935,Female,30,B-value,182162,6,Artist,5,1,3
936,Female,68,A-Value,71467,81,Artist,5,5,7
937,Female,21,B-value,85568,1,Healthcare,1,0,6
938,Female,99,A-Value,56851,72,Entertainment,4,6,3
939,Female,0,B-value,116782,73,Artist,5,9,5
940,Female,80,A-Value,67781,1,Entertainment,4,4,4
941,Female,51,A-Value,70152,29,Healthcare,1,0,2
942,Male,18,B-value,185861,82,Artist,5,3,6
943,Male,43,B-value,162595,17,Artist,5,3,3
944,Female,29,B-value,80098,54,Lawyer,3,10,6
945,Female,20,B-value,184801,8,Lawyer,3,1,1
946,Female,39,B-value,58908,37,Artist,5,6,6
947,Female,9,B-value,146011,69,Marketing,9,9,5
948,Female,45,B-value,135174,39,Artist,5,9,4
949,Female,65,A-Value,114244,64,Artist,5,0,1
950,Female,64,A-Value,157207,52,Healthcare,1,0,4
951,Female,81,A-Value,128834,23,Entertainment,4,5,4
952,Male,54,A-Value,51166,24,Entertainment,4,0,7
953,Female,32,B-value,130118,36,Artist,5,0,4
954,Male,29,B-value,87014,71,Doctor,8,11,4
955,Female,25,B-value,111379,93,Artist,5,0,2
956,Male,5,B-value,83704,82,Entertainment,4,1,1
957,Female,55,A-Value,90558,49,Healthcare,1,8,2
958,Male,12,B-value,187343,14,Healthcare,1,6,3
959,Female,81,A-Value,111174,48,Entertainment,4,9,6
960,Male,87,A-Value,64461,63,Engineer,2,4,4
961,Male,12,B-value,109618,97,Artist,5,7,3
962,Male,91,A-Value,189357,4,Lawyer,3,7,1
963,Female,63,A-Value,120955,79,Artist,5,6,1
964,Female,97,A-Value,168898,54,Homemaker,7,8,7
965,Male,89,A-Value,130431,52,Healthcare,1,6,3
966,Male,59,A-Value,161091,56,Engineer,2,9,1
967,Female,26,B-value,69988,2,Homemaker,7,5,4
968,Female,5,B-value,169702,98,Doctor,8,5,1
969,Male,32,B-value,186897,49,Healthcare,1,1,7
970,Female,98,A-Value,109061,41,Engineer,2,6,1
971,Male,31,B-value,188620,30,Artist,5,3,6
972,Female,59,A-Value,108675,57,Artist,5,4,5
973,Female,80,A-Value,177601,34,Entertainment,4,0,2
974,Female,12,B-value,87365,3,Marketing,9,1,2
975,Male,80,A-Value,95929,23,Engineer,2,0,2
976,Male,59,A-Value,97185,87,Entertainment,4,0,5
977,Female,56,A-Value,103838,17,Artist,5,1,2
978,Male,18,B-value,129260,11,Doctor,8,1,3
979,Female,66,A-Value,151184,19,Artist,5,1,4
980,Female,67,A-Value,177512,62,Engineer,2,2,3
981,Male,39,B-value,140099,51,Lawyer,3,0,7
982,Male,23,B-value,67535,97,Healthcare,1,7,6
983,Male,47,B-value,133236,61,Executive,6,1,6
984,Female,41,B-value,87975,5,Homemaker,7,9,7
985,Female,40,B-value,164350,23,Healthcare,1,0,5
986,Male,36,B-value,55109,53,Artist,5,8,3
987,Female,12,B-value,67613,40,Entertainment,4,1,2
988,Female,60,A-Value,185306,47,Entertainment,4,0,2
989,Female,24,B-value,154787,84,Executive,6,3,5
990,Female,17,B-value,109759,96,Artist,5,9,3
991,Female,92,A-Value,114571,51,Executive,6,1,3
992,Male,32,B-value,130697,93,Artist,5,1,2
993,Male,39,B-value,115916,24,Doctor,8,13,6
994,Female,50,B-value,69814,53,Artist,5,9,2
995,Female,85,A-Value,118161,74,Engineer,2,0,4
996,Male,65,A-Value,56583,65,Healthcare,1,2,3
997,Female,17,B-value,185843,36,Artist,5,4,3
998,Female,31,B-value,171825,22,Entertainment,4,10,4
999,Male,24,B-value,77976,95,Artist,5,11,3
1000,Male,97,A-Value,66312,75,Entertainment,4,0,1
1001,Female,92,A-Value,81839,11,Entertainment,4,0,4
1002,Female,80,A-Value,55712,5,Artist,5,5,6
1003,Male,33,B-value,158335,45,Healthcare,1,2,5
1004,Male,8,B-value,74253,45,Lawyer,3,1,6
1005,Male,67,A-Value,119625,3,Healthcare,1,4,4
1006,Female,8,B-value,129743,6,Artist,5,0,2
1007,Female,61,A-Value,101007,60,Lawyer,3,0,6
1008,Male,83,A-Value,87529,49,Artist,5,9,7
1009,Male,8,B-value,151648,98,Healthcare,1,8,6
1010,Male,69,A-Value,61637,67,,10,0,5
1011,Male,14,B-value,164659,59,Entertainment,4,1,6
1012,Female,80,A-Value,125623,62,Executive,6,0,4
1013,Female,85,A-Value,104054,22,Artist,5,8,4
1014,Male,88,A-Value,83535,56,Artist,5,1,5
1015,Female,76,A-Value,166245,13,Executive,6,7,3
1016,Female,32,B-value,100890,60,Entertainment,4,4,4
1017,Female,99,A-Value,55972,83,Entertainment,4,1,7
1018,Female,85,A-Value,134282,39,Artist,5,2,5
1019,Female,25,B-value,106669,22,Lawyer,3,1,7
1020,Female,99,A-Value,145777,94,Executive,6,1,5
1021,Male,41,B-value,119259,91,Healthcare,1,1,5
1022,Female,1,B-value,150174,59,Artist,5,2,2
1023,Female,45,B-value,55472,51,Healthcare,1,1,3
1024,Male,55,A-Value,99423,82,Healthcare,1,0,5
1025,Female,20,B-value,146221,25,Marketing,9,0,3
1026,Female,33,B-value,84238,31,Artist,5,1,2
1027,Male,92,A-Value,57032,75,Entertainment,4,1,5
1028,Male,93,A-Value,88811,52,Engineer,2,0,4
1029,Male,60,A-Value,167420,38,Artist,5,5,2
1030,Male,38,B-value,101846,17,Doctor,8,3,2
1031,Male,15,B-value,114061,87,Artist,5,2,5
1032,Male,74,A-Value,147449,16,Artist,5,1,5
1033,Female,47,B-value,83043,76,Executive,6,0,1
1034,Female,96,A-Value,168990,81,Doctor,8,9,5
1035,Male,97,A-Value,73867,65,Healthcare,1,4,5
1036,Female,35,B-value,165772,51,Healthcare,1,1,4
1037,Female,19,B-value,178217,38,Marketing,9,0,3
1038,Male,60,A-Value,162612,98,Engineer,2,1,6
1039,Male,37,B-value,99872,53,Entertainment,4,11,3
1040,Female,49,B-value,142566,77,Artist,5,1,7
1041,Female,1,B-value,111424,80,Entertainment,4,8,5
1042,Male,43,B-value,187841,38,Artist,5,1,4
1043,Female,46,B-value,171921,50,Artist,5,1,6
1044,Female,65,A-Value,115299,87,Artist,5,6,3
1045,Male,75,A-Value,94129,27,Healthcare,1,6,7
1046,Male,40,B-value,172378,39,Entertainment,4,5,6
1047,Male,28,B-value,146597,31,Engineer,2,1,4
1048,Female,78,A-Value,64057,44,Doctor,8,0,3
1049,Female,22,B-value,163585,49,Artist,5,9,5
1050,Male,6,B-value,93186,83,Entertainment,4,1,3
1051,Male,46,B-value,149764,1,Entertainment,4,0,6
1052,Male,17,B-value,116822,84,Doctor,8,1,3
1053,Female,46,B-value,109346,37,Entertainment,4,1,2
1054,Female,72,A-Value,111587,99,Artist,5,7,4
1055,Female,38,B-value,166644,66,Artist,5,8,6
1056,Female,50,B-value,181270,56,Artist,5,1,1
1057,Male,47,B-value,65207,81,Healthcare,1,1,2
1058,Female,72,A-Value,112146,21,Homemaker,7,8,4
1059,Male,8,B-value,104953,57,Doctor,8,1,6
1060,Female,34,B-value,139009,24,Artist,5,0,4
1061,Female,53,A-Value,67916,82,Healthcare,1,0,6
1062,Female,82,A-Value,99983,88,Executive,6,0,1
1063,Male,63,A-Value,131122,40,Artist,5,9,6
1064,Female,58,A-Value,173190,37,Doctor,8,9,4
1065,Male,23,B-value,122712,21,Marketing,9,1,1
1066,Female,80,A-Value,55792,30,Artist,5,1,6
1067,Male,45,B-value,73892,45,Doctor,8,1,4
1068,Female,30,B-value,78821,46,,10,1,4
1069,Female,84,A-Value,152475,12,Artist,5,0,7
1070,Male,45,B-value,152226,87,Artist,5,4,4
1071,Male,85,A-Value,117679,18,Entertainment,4,1,3
1072,Male,23,B-value,146473,87,Artist,5,1,4
1073,Male,79,A-Value,66051,75,Healthcare,1,1,7
1074,Male,47,B-value,162332,72,Entertainment,4,1,5
1075,Female,93,A-Value,166018,71,Doctor,8,0,3
1076,Female,95,A-Value,67398,81,Entertainment,4,2,5
1077,Male,44,B-value,73760,70,Entertainment,4,1,6
1078,Male,95,A-Value,167578,66,Entertainment,4,0,1
1079,Male,28,B-value,130267,45,Engineer,2,8,4
1080,Male,91,A-Value,94846,95,Engineer,2,0,5
1081,Female,81,A-Value,155396,1,Engineer,2,9,5
1082,Female,90,A-Value,138013,16,Artist,5,8,7
1083,Male,79,A-Value,148286,77,Entertainment,4,0,4
1084,Female,6,B-value,101031,28,Artist,5,1,1
1085,Female,38,B-value,52884,24,Lawyer,3,1,1
1086,Male,87,A-Value,153230,15,Healthcare,1,8,1
1087,Female,93,A-Value,63261,13,Engineer,2,1,7
1088,Male,44,B-value,90167,84,Engineer,2,0,3
1089,Female,10,B-value,162076,78,,10,0,3
1090,Female,84,A-Value,53622,27,Artist,5,0,3
1091,Female,7,B-value,172913,94,Executive,6,3,4
1092,Female,41,B-value,94316,86,Artist,5,0,6
1093,Male,87,A-Value,141383,3,,10,7,5
1094,Female,33,B-value,67874,55,Artist,5,0,2
1095,Female,34,B-value,176554,62,Healthcare,1,1,2
1096,Female,53,A-Value,135341,56,Healthcare,1,10,2
1097,Female,47,B-value,129019,57,Healthcare,1,0,3
1098,Male,53,A-Value,107879,3,Doctor,8,1,6
1099,Male,92,A-Value,79531,4,Artist,5,1,1
1100,Male,89,A-Value,63379,59,Artist,5,12,7
1101,Female,27,B-value,156258,54,Entertainment,4,0,4
1102,Male,70,A-Value,67874,41,Entertainment,4,9,3
1103,Female,86,A-Value,159964,57,Engineer,2,5,6
1104,Female,99,A-Value,103706,50,Entertainment,4,1,2
1105,Female,96,A-Value,64713,84,Entertainment,4,2,7
1106,Female,65,A-Value,90414,55,Artist,5,1,5
1107,Female,82,A-Value,171100,34,Executive,6,0,5
1108,Male,36,B-value,187305,85,Engineer,2,6,7
1109,Female,30,B-value,139758,46,Lawyer,3,0,6
1110,Female,96,A-Value,91226,56,Healthcare,1,0,5
1111,Female,69,A-Value,143928,30,Engineer,2,9,7
1112,Female,34,B-value,92366,14,Healthcare,1,0,6
1113,Male,74,A-Value,175041,25,Artist,5,4,1
1114,Male,97,A-Value,147301,93,Lawyer,3,1,5
1115,Male,56,A-Value,119296,49,Engineer,2,0,7
1116,Female,30,B-value,126306,44,Artist,5,0,1
1117,Male,13,B-value,100647,49,Executive,6,1,3
1118,Female,95,A-Value,168663,16,Engineer,2,11,5
1119,Female,2,B-value,105391,42,Executive,6,1,7
1120,Female,78,A-Value,175179,43,Executive,6,9,4
1121,Female,54,A-Value,165019,12,Entertainment,4,1,2
1122,Female,85,A-Value,68212,26,Healthcare,1,7,4
1123,Male,13,B-value,64572,71,Artist,5,1,2
1124,Female,85,A-Value,92591,99,Artist,5,8,2
1125,Female,41,B-value,69730,97,Artist,5,1,4
1126,Female,25,B-value,156793,57,Marketing,9,2,4
1127,Female,74,A-Value,56848,41,Artist,5,5,1
1128,Male,8,B-value,148450,55,Healthcare,1,0,6
1129,Male,62,A-Value,150619,32,Artist,5,10,6
1130,Male,52,A-Value,100261,10,Artist,5,1,6
1131,Female,36,B-value,109895,56,Healthcare,1,5,2
1132,Male,11,B-value,152684,24,Lawyer,3,0,3
1133,Female,84,A-Value,133765,83,Artist,5,1,3
1134,Female,99,A-Value,57677,99,Lawyer,3,0,5
1135,Female,51,A-Value,112358,27,Artist,5,0,6
1136,Female,57,A-Value,73845,52,Artist,5,1,7
1137,Male,92,A-Value,89531,42,Healthcare,1,6,2
1138,Male,29,B-value,118092,100,Entertainment,4,7,3
1139,Male,62,A-Value,144242,49,Entertainment,4,1,4
1140,Female,43,B-value,140876,90,Entertainment,4,0,4
1141,Male,72,A-Value,76888,26,Marketing,9,0,1
1142,Female,28,B-value,116644,88,Artist,5,6,3
1143,Female,57,A-Value,143021,3,Executive,6,5,4
1144,Female,86,A-Value,145679,91,Lawyer,3,9,6
1145,Female,26,B-value,64398,7,Lawyer,3,1,6
1146,Female,13,B-value,104512,40,Marketing,9,9,3
1147,Male,1,B-value,71564,68,Artist,5,1,5
1148,Female,89,A-Value,122707,64,Homemaker,7,2,3
1149,Female,91,A-Value,51733,96,Healthcare,1,0,5
1150,Female,67,A-Value,138087,63,Marketing,9,1,7
1151,Male,63,A-Value,147278,51,Lawyer,3,0,4
1152,Female,90,A-Value,187339,62,Healthcare,1,0,6
1153,Female,87,A-Value,129972,97,Executive,6,1,6
1154,Female,89,A-Value,151176,55,Healthcare,1,1,2
1155,Female,34,B-value,74358,60,Artist,5,0,6
1156,Male,89,A-Value,83953,82,Healthcare,1,0,3
1157,Male,31,B-value,62925,24,Engineer,2,1,6
1158,Male,55,A-Value,65257,93,Doctor,8,2,3
1159,Female,3,B-value,188557,4,Healthcare,1,9,2
1160,Male,64,A-Value,163783,84,Healthcare,1,3,1
1161,Female,1,B-value,108342,97,Doctor,8,0,3
1162,Female,20,B-value,155951,21,Healthcare,1,7,4
1163,Female,18,B-value,183071,29,Artist,5,7,4
1164,Female,83,A-Value,124104,20,Healthcare,1,4,6
1165,Female,21,B-value,136747,3,Healthcare,1,1,1
1166,Male,19,B-value,189498,18,Artist,5,4,1
1167,Female,74,A-Value,76149,48,Artist,5,9,6
1168,Female,44,B-value,185550,54,Artist,5,0,1
1169,Female,52,A-Value,119567,19,Artist,5,5,2
1170,Female,14,B-value,79806,30,Engineer,2,1,6
1171,Male,10,B-value,180774,66,Entertainment,4,1,5
1172,Female,80,A-Value,90142,50,Lawyer,3,1,2
1173,Female,82,A-Value,184481,84,Executive,6,0,2
1174,Female,32,B-value,66089,75,Artist,5,6,3
1175,Female,16,B-value,60044,83,Artist,5,4,1
1176,Male,61,A-Value,52543,23,Executive,6,0,6
1177,Male,57,A-Value,50429,23,Artist,5,0,1
1178,Male,95,A-Value,178228,45,Engineer,2,1,2
1179,Female,38,B-value,161130,98,Artist,5,8,3
1180,Male,70,A-Value,87976,38,Lawyer,3,1,6
1181,Female,40,B-value,179150,91,Artist,5,5,2
1182,Female,92,A-Value,163442,32,Executive,6,1,6
1183,Female,73,A-Value,108159,18,Entertainment,4,8,7
1184,Female,62,A-Value,73419,14,Healthcare,1,0,1
1185,Female,12,B-value,138425,78,Doctor,8,11,6
1186,Male,65,A-Value,54431,93,Healthcare,1,1,7
1187,Female,88,A-Value,168437,81,Artist,5,2,2
1188,Female,55,A-Value,71322,54,Entertainment,4,1,6
1189,Female,99,A-Value,122548,14,,10,2,5
1190,Female,20,B-value,141428,32,Entertainment,4,1,5
1191,Male,97,A-Value,142214,32,Artist,5,7,4
1192,Female,93,A-Value,62590,43,Artist,5,9,6
1193,Male,84,A-Value,172523,83,Artist,5,6,2
1194,Female,16,B-value,157588,76,Executive,6,2,6
1195,Female,10,B-value,143313,57,Doctor,8,4,7
1196,Female,59,A-Value,119833,38,Doctor,8,1,2
1197,Female,54,A-Value,70803,35,Entertainment,4,0,5
1198,Male,82,A-Value,139008,47,Artist,5,1,4
1199,Male,83,A-Value,126669,53,Artist,5,1,6
1200,Male,87,A-Value,122722,10,Executive,6,9,4
1201,Male,1,B-value,79800,47,Artist,5,0,1
1202,Male,89,A-Value,100155,5,Healthcare,1,6,1
1203,Female,32,B-value,110846,49,Artist,5,0,2
1204,Female,1,B-value,106841,69,Entertainment,4,0,3
1205,Female,54,A-Value,117181,66,Doctor,8,12,5
1206,Female,56,A-Value,86898,76,Healthcare,1,0,6
1207,Female,31,B-value,143241,81,Executive,6,4,7
1208,Female,26,B-value,146028,33,Healthcare,1,0,5
1209,Male,7,B-value,165287,65,Doctor,8,1,3
1210,Female,60,A-Value,132486,9,Artist,5,1,2
1211,Male,92,A-Value,96424,74,Artist,5,8,5
1212,Female,93,A-Value,151468,41,Artist,5,1,5
1213,Female,8,B-value,76561,79,Healthcare,1,0,1
1214,Female,81,A-Value,125316,81,Lawyer,3,0,6
1215,Male,21,B-value,109373,22,Entertainment,4,4,2
1216,Male,96,A-Value,135042,12,Artist,5,0,7
1217,Female,78,A-Value,59784,81,Artist,5,3,3
1218,Male,86,A-Value,140687,63,Artist,5,1,2
1219,Male,1,B-value,182927,55,Healthcare,1,1,1
1220,Female,62,A-Value,175534,44,Artist,5,1,6
1221,Male,68,A-Value,170957,6,Lawyer,3,1,3
1222,Male,70,A-Value,81197,76,Artist,5,0,4
1223,Female,21,B-value,104888,8,Healthcare,1,0,4
1224,Male,74,A-Value,184838,18,,10,8,5
1225,Female,62,A-Value,139588,66,Executive,6,0,2
1226,Male,22,B-value,126543,45,Homemaker,7,0,3
1227,Female,87,A-Value,177260,45,Entertainment,4,14,2
1228,Male,44,B-value,156823,42,Healthcare,1,9,5
1229,Female,27,B-value,183201,52,Engineer,2,8,6
1230,Female,95,A-Value,84925,46,Artist,5,4,6
1231,Male,89,A-Value,69719,47,Artist,5,9,2
1232,Female,41,B-value,61355,13,Healthcare,1,1,3
1233,Male,41,B-value,156014,49,Doctor,8,14,5
1234,Male,21,B-value,184088,21,Entertainment,4,11,7
1235,Female,59,A-Value,158372,98,Artist,5,1,1
1236,Female,64,A-Value,135742,67,Healthcare,1,1,7
1237,Female,38,B-value,145704,82,Marketing,9,0,4
1238,Female,70,A-Value,157307,23,Executive,6,4,3
1239,Female,25,B-value,88064,73,Executive,6,1,5
1240,Female,3,B-value,167226,59,Homemaker,7,3,1
1241,Female,70,A-Value,153821,8,Marketing,9,1,4
1242,Male,29,B-value,170669,78,Doctor,8,9,5
1243,Male,88,A-Value,93555,13,Artist,5,3,3
1244,Female,20,B-value,101941,18,Healthcare,1,1,3
1245,Female,58,A-Value,78795,44,Engineer,2,0,6
1246,Female,70,A-Value,55875,94,Engineer,2,0,5
1247,Female,44,B-value,177513,81,Lawyer,3,1,5
1248,Female,87,A-Value,100850,83,Doctor,8,0,3
1249,Female,0,B-value,143082,63,Entertainment,4,0,7
1250,Female,96,A-Value,85447,4,Artist,5,9,6
1251,Female,75,A-Value,114213,33,Doctor,8,9,4
1252,Male,14,B-value,161120,69,Executive,6,0,1
1253,Female,8,B-value,186682,86,Entertainment,4,1,1
1254,Male,58,A-Value,105302,75,Doctor,8,0,3
1255,Female,5,B-value,133400,47,Engineer,2,0,6
1256,Male,70,A-Value,56432,23,Engineer,2,0,5
1257,Female,49,B-value,136467,72,Healthcare,1,3,3
1258,Male,60,A-Value,189945,20,Engineer,2,0,5
1259,Female,25,B-value,163966,48,Lawyer,3,1,5
1260,Male,47,B-value,52152,17,Artist,5,0,3
1261,Male,53,A-Value,145720,62,Homemaker,7,12,7
1262,Male,24,B-value,188034,61,Healthcare,1,1,5
1263,Female,46,B-value,127911,3,Homemaker,7,9,2
1264,Female,70,A-Value,174114,31,Lawyer,3,1,1
1265,Male,53,A-Value,144489,10,Artist,5,14,3
1266,Male,63,A-Value,77440,47,Lawyer,3,0,5
1267,Female,24,B-value,86119,44,Artist,5,1,6
1268,Female,5,B-value,100056,49,Entertainment,4,1,3
1269,Male,7,B-value,66686,50,Artist,5,8,7
1270,Female,71,A-Value,74696,41,Doctor,8,1,6
1271,Male,23,B-value,65641,50,Entertainment,4,4,5
1272,Female,0,B-value,61228,81,Entertainment,4,1,6
1273,Female,2,B-value,138529,87,Healthcare,1,0,4
1274,Female,72,A-Value,152405,4,Artist,5,1,4
1275,Male,18,B-value,157757,84,Doctor,8,0,4
1276,Male,11,B-value,166361,59,Engineer,2,6,4
1277,Female,95,A-Value,67227,30,Artist,5,1,7
1278,Male,20,B-value,161156,88,Engineer,2,0,4
1279,Female,58,A-Value,170647,70,Healthcare,1,1,7
1280,Female,67,A-Value,161646,36,Healthcare,1,0,2
1281,Male,43,B-value,98016,18,Healthcare,1,9,6
1282,Male,36,B-value,50526,19,Artist,5,0,6
1283,Male,2,B-value,175208,43,Executive,6,8,4
1284,Female,35,B-value,97721,48,Engineer,2,0,7
1285,Female,81,A-Value,142013,81,Entertainment,4,3,4
1286,Male,84,A-Value,166737,76,Artist,5,0,3
1287,Female,18,B-value,62651,13,Entertainment,4,0,2
1288,Female,54,A-Value,179546,4,Homemaker,7,8,4
1289,Female,98,A-Value,51866,81,Artist,5,12,7
1290,Female,75,A-Value,86297,42,Executive,6,9,4
1291,Female,98,A-Value,65031,23,Artist,5,0,4
1292,Male,94,A-Value,69383,25,Entertainment,4,0,2
1293,Male,24,B-value,70733,63,Artist,5,5,3
1294,Female,47,B-value,187898,89,Artist,5,6,2
1295,Female,40,B-value,116001,55,Engineer,2,1,4
1296,Male,68,A-Value,87040,4,Artist,5,9,1
1297,Female,18,B-value,180956,74,Artist,5,2,2
1298,Female,83,A-Value,115517,82,Healthcare,1,0,6
1299,Male,34,B-value,76979,46,Lawyer,3,1,3
1300,Male,81,A-Value,50798,56,Artist,5,10,5
1301,Female,61,A-Value,146350,43,Artist,5,1,3
1302,Female,77,A-Value,81112,61,Healthcare,1,5,3
1303,Male,52,A-Value,80605,20,Doctor,8,1,6
1304,Male,40,B-value,171949,11,Doctor,8,1,6
1305,Male,93,A-Value,159006,26,Artist,5,8,6
1306,Female,45,B-value,177368,96,Healthcare,1,1,2
1307,Female,83,A-Value,187643,3,Artist,5,1,1
1308,Male,23,B-value,93841,25,Lawyer,3,0,7
1309,Male,15,B-value,131061,92,Healthcare,1,0,7
1310,Male,79,A-Value,146130,20,Entertainment,4,6,6
1311,Male,80,A-Value,84471,79,Doctor,8,1,5
1312,Female,35,B-value,144485,15,Entertainment,4,0,4
1313,Female,39,B-value,158638,78,Healthcare,1,2,5
1314,Male,4,B-value,96693,28,Entertainment,4,0,4
1315,Female,83,A-Value,129507,93,Healthcare,1,4,7
1316,Female,94,A-Value,114510,39,Healthcare,1,0,4
1317,Female,33,B-value,109396,17,,10,1,2
1318,Female,12,B-value,149031,96,Artist,5,10,5
1319,Female,77,A-Value,66256,13,Lawyer,3,1,2
1320,Female,48,B-value,118285,69,Doctor,8,8,4
1321,Male,97,A-Value,128723,58,Artist,5,4,5
1322,Female,28,B-value,178285,91,Artist,5,4,7
1323,Female,99,A-Value,144176,74,Marketing,9,7,2
1324,Male,27,B-value,82474,31,Artist,5,9,3
1325,Female,95,A-Value,159010,84,Lawyer,3,6,2
1326,Female,6,B-value,76164,83,Artist,5,6,2
1327,Male,18,B-value,77873,49,Executive,6,6,5
1328,Male,42,B-value,53392,89,Artist,5,6,4
1329,Male,50,B-value,168898,41,Artist,5,9,7
1330,Male,86,A-Value,128917,7,Homemaker,7,5,5
1331,Male,69,A-Value,185067,49,Lawyer,3,5,4
1332,Male,23,B-value,132183,76,Artist,5,10,3
1333,Female,82,A-Value,82060,46,Healthcare,1,7,1
1334,Female,97,A-Value,133614,58,Artist,5,7,4
1335,Male,42,B-value,94844,64,,10,7,6
1336,Female,75,A-Value,76474,5,Doctor,8,5,5
1337,Female,14,B-value,94655,9,Healthcare,1,8,1
1338,Male,3,B-value,60933,30,Doctor,8,8,1
1339,Male,16,B-value,79257,82,Healthcare,1,6,2
1340,Female,45,B-value,125677,36,Entertainment,4,5,2
1341,Female,23,B-value,127971,56,Artist,5,1,5
1342,Male,38,B-value,76103,62,Executive,6,9,3
1343,Female,45,B-value,114741,96,Artist,5,0,5
1344,Female,82,A-Value,157994,92,Artist,5,1,1
1345,Male,73,A-Value,93786,44,Entertainment,4,3,1
1346,Male,36,B-value,75178,41,Entertainment,4,1,7
1347,Male,13,B-value,175267,81,Healthcare,1,1,4
1348,Female,96,A-Value,99263,100,Healthcare,1,8,1
1349,Female,83,A-Value,52590,3,Healthcare,1,0,4
1350,Male,33,B-value,170959,75,Artist,5,0,4
1351,Male,68,A-Value,135076,60,Engineer,2,1,5
1352,Male,88,A-Value,167112,34,Lawyer,3,0,1
1353,Female,87,A-Value,184639,12,Doctor,8,1,6
1354,Female,88,A-Value,172369,80,Artist,5,6,6
1355,Female,43,B-value,124256,67,Marketing,9,1,7
1356,Female,64,A-Value,89972,92,Artist,5,10,6
1357,Male,96,A-Value,67799,42,Entertainment,4,1,6
1358,Female,72,A-Value,176074,70,Doctor,8,1,7
1359,Male,48,B-value,167517,27,Artist,5,2,7
1360,Female,64,A-Value,77914,11,Artist,5,1,6
1361,Female,8,B-value,57605,81,Doctor,8,0,2
1362,Female,52,A-Value,86365,70,Engineer,2,1,7
1363,Male,3,B-value,93883,39,Healthcare,1,1,2
1364,Female,44,B-value,131091,62,Artist,5,4,1
1365,Male,14,B-value,87222,14,Healthcare,1,8,4
1366,Female,50,B-value,117076,45,Doctor,8,1,2
1367,Male,53,A-Value,150925,1,Healthcare,1,1,2
1368,Female,31,B-value,149379,100,Lawyer,3,0,3
1369,Female,31,B-value,138644,94,Engineer,2,4,3
1370,Male,97,A-Value,148493,42,Doctor,8,4,7
1371,Male,27,B-value,84658,66,Lawyer,3,4,6
1372,Male,2,B-value,111618,99,Lawyer,3,6,5
1373,Male,81,A-Value,108759,60,Artist,5,7,6
1374,Male,64,A-Value,186203,73,Artist,5,10,5
1375,Female,11,B-value,147258,59,Lawyer,3,10,2
1376,Female,78,A-Value,132983,67,Healthcare,1,7,7
1377,Male,72,A-Value,149092,39,Engineer,2,8,1
1378,Male,36,B-value,163845,84,Doctor,8,5,7
1379,Male,97,A-Value,117777,67,Artist,5,5,5
1380,Male,88,A-Value,131584,18,Artist,5,7,3
1381,Female,21,B-value,123904,91,Artist,5,7,5
1382,Female,62,A-Value,89801,88,Artist,5,5,4
1383,Male,73,A-Value,173466,57,Entertainment,4,10,5
1384,Female,34,B-value,55690,4,Marketing,9,4,6
1385,Female,50,B-value,104467,72,,10,5,1
1386,Male,39,B-value,100419,19,Artist,5,5,4
1387,Female,82,A-Value,62951,47,Lawyer,3,8,2
1388,Male,39,B-value,118554,1,Lawyer,3,4,6
1389,Female,13,B-value,140673,49,Artist,5,6,7
1390,Female,68,A-Value,75561,87,Healthcare,1,5,3
1391,Female,77,A-Value,147306,50,Healthcare,1,6,6
1392,Female,35,B-value,111871,30,Doctor,8,10,1
1393,Male,5,B-value,112884,43,Healthcare,1,0,6
1394,Female,47,B-value,121267,58,Engineer,2,1,1
1395,Female,48,B-value,151519,93,Artist,5,7,2
1396,Female,34,B-value,105448,40,Artist,5,0,5
1397,Female,20,B-value,92048,91,Healthcare,1,1,1
1398,Male,61,A-Value,99980,94,Healthcare,1,10,1
1399,Male,16,B-value,84003,68,Artist,5,9,6
1400,Male,2,B-value,110889,95,Executive,6,1,2
1401,Female,52,A-Value,82478,95,Executive,6,10,1
1402,Male,99,A-Value,139685,20,Healthcare,1,1,4
1403,Female,84,A-Value,182374,62,Entertainment,4,0,6
1404,Female,58,A-Value,119366,94,Engineer,2,4,2
1405,Female,91,A-Value,53788,57,Doctor,8,0,2
1406,Female,1,B-value,90341,92,Doctor,8,0,2
1407,Female,67,A-Value,118348,94,Engineer,2,1,7
1408,Male,56,A-Value,137428,87,Artist,5,0,2
1409,Female,62,A-Value,106982,53,Entertainment,4,1,7
1410,Female,12,B-value,98532,52,Doctor,8,0,6
1411,Female,38,B-value,120825,24,Executive,6,9,7
1412,Female,51,A-Value,58006,83,Executive,6,1,5
1413,Male,20,B-value,106941,73,Artist,5,1,1
1414,Male,43,B-value,129782,31,Entertainment,4,1,2
1415,Male,93,A-Value,121513,90,Engineer,2,0,6
1416,Female,54,A-Value,79925,30,Healthcare,1,0,3
1417,Male,23,B-value,112089,74,Healthcare,1,7,7
1418,Female,1,B-value,138656,27,,10,3,4
1419,Female,64,A-Value,146794,90,Healthcare,1,8,3
1420,Female,55,A-Value,75033,30,Engineer,2,5,5
1421,Female,85,A-Value,149969,78,Executive,6,0,6
1422,Female,20,B-value,124852,39,Healthcare,1,5,5
1423,Male,73,A-Value,154837,42,Executive,6,8,4
1424,Female,53,A-Value,145678,55,Executive,6,0,1
1425,Female,7,B-value,137354,89,Artist,5,8,7
1426,Female,50,B-value,136660,48,Entertainment,4,1,3
1427,Female,12,B-value,63334,99,Artist,5,0,6
1428,Male,37,B-value,62893,29,Executive,6,1,5
1429,Male,78,A-Value,163514,89,Doctor,8,9,2
1430,Male,29,B-value,145934,40,Marketing,9,10,2
1431,Female,54,A-Value,119223,58,Lawyer,3,10,7
1432,Male,89,A-Value,127479,18,Doctor,8,10,2
1433,Female,25,B-value,136146,98,Artist,5,6,6
1434,Female,14,B-value,76001,46,Artist,5,7,3
1435,Female,12,B-value,84885,24,Healthcare,1,6,2
1436,Female,18,B-value,82812,1,Artist,5,6,2
1437,Male,74,A-Value,51260,43,Entertainment,4,5,5
1438,Male,21,B-value,159572,42,Healthcare,1,5,5
1439,Male,9,B-value,130186,88,Artist,5,9,7
1440,Female,49,B-value,176954,57,Artist,5,5,6
1441,Male,58,A-Value,85908,99,Artist,5,5,4
1442,Female,16,B-value,75831,5,Healthcare,1,10,7
1443,Female,55,A-Value,123045,56,Engineer,2,7,3
1444,Female,31,B-value,161211,10,Lawyer,3,9,1
1445,Female,59,A-Value,81702,27,Marketing,9,6,4
1446,Female,25,B-value,173043,3,Artist,5,8,6
1447,Male,63,A-Value,126380,90,Artist,5,6,1
1448,Female,60,A-Value,128205,27,Healthcare,1,6,5
1449,Female,41,B-value,181355,73,Artist,5,10,3
1450,Female,84,A-Value,97931,70,Healthcare,1,9,7
1451,Male,72,A-Value,146432,25,Artist,5,6,1
1452,Female,97,A-Value,125731,41,Artist,5,6,4
1453,Female,43,B-value,132701,70,Healthcare,1,5,2
1454,Female,63,A-Value,116095,8,Artist,5,5,1
1455,Female,7,B-value,135773,42,Artist,5,9,5
1456,Male,54,A-Value,136417,45,Healthcare,1,9,6
1457,Male,27,B-value,80783,82,Artist,5,9,3
1458,Male,28,B-value,182580,60,Executive,6,6,6
1459,Female,84,A-Value,143567,48,Artist,5,7,2
1460,Male,71,A-Value,85908,85,Entertainment,4,5,4
1461,Female,88,A-Value,139806,99,Entertainment,4,4,4
1462,Female,75,A-Value,77269,24,Artist,5,8,1
1463,Female,96,A-Value,105968,65,Engineer,2,4,5
1464,Female,83,A-Value,125660,19,Engineer,2,10,4
1465,Female,86,A-Value,98444,76,Entertainment,4,7,4
1466,Male,60,A-Value,179503,9,Artist,5,4,3
1467,Female,5,B-value,60575,14,Engineer,2,5,2
1468,Female,65,A-Value,75685,19,Marketing,9,7,3
1469,Female,49,B-value,85374,45,Artist,5,8,5
1470,Female,78,A-Value,128642,19,Marketing,9,5,6
1471,Male,25,B-value,182292,78,Artist,5,7,5
1472,Female,5,B-value,124702,94,Artist,5,10,3
1473,Female,58,A-Value,127833,2,Artist,5,7,7
1474,Female,80,A-Value,178866,97,Artist,5,8,4
1475,Female,94,A-Value,183643,51,Artist,5,5,5
1476,Male,62,A-Value,113306,4,Executive,6,5,6
1477,Male,20,B-value,84008,77,Artist,5,8,4
1478,Male,85,A-Value,85758,35,Lawyer,3,10,4
1479,Female,72,A-Value,63128,45,Engineer,2,8,7
1480,Male,95,A-Value,70174,6,Executive,6,10,6
1481,Female,97,A-Value,170133,42,Engineer,2,5,5
1482,Female,25,B-value,165978,42,Artist,5,7,3
1483,Female,17,B-value,149727,78,Artist,5,7,3
1484,Female,19,B-value,147052,86,,10,9,4
1485,Female,59,A-Value,113389,79,Doctor,8,4,6
1486,Male,30,B-value,111690,73,Entertainment,4,10,4
1487,Female,63,A-Value,184830,60,Doctor,8,9,3
1488,Female,23,B-value,91549,23,Artist,5,4,3
1489,Female,97,A-Value,94629,17,Marketing,9,6,3
1490,Female,97,A-Value,167558,99,Artist,5,4,7
1491,Male,94,A-Value,119189,57,Artist,5,9,3
1492,Female,28,B-value,96207,67,Artist,5,5,5
1493,Male,21,B-value,85339,6,Doctor,8,4,7
1494,Female,25,B-value,111942,7,Artist,5,5,5
1495,Female,48,B-value,157003,45,Engineer,2,5,4
1496,Female,53,A-Value,117123,23,Artist,5,9,7
1497,Female,97,A-Value,172747,76,Artist,5,7,2
1498,Male,33,B-value,157358,52,Healthcare,1,7,4
1499,Male,5,B-value,156655,20,Entertainment,4,4,5
1500,Male,72,A-Value,166043,93,Doctor,8,7,6
1501,Male,40,B-value,67768,15,Doctor,8,10,6
1502,Male,34,B-value,171353,34,Doctor,8,8,4
1503,Female,63,A-Value,116971,76,Executive,6,7,5
1504,Female,85,A-Value,97822,38,Doctor,8,5,3
1505,Female,86,A-Value,117203,83,Healthcare,1,10,3
1506,Female,63,A-Value,88720,100,Artist,5,10,1
1507,Female,9,B-value,173233,18,,10,5,1
1508,Female,76,A-Value,139447,36,Artist,5,8,7
1509,Male,19,B-value,179269,93,Entertainment,4,6,3
1510,Female,84,A-Value,136254,90,Engineer,2,5,6
1511,Male,38,B-value,174594,56,Executive,6,8,2
1512,Female,1,B-value,100429,19,Entertainment,4,9,1
1513,Female,30,B-value,73107,48,Artist,5,9,1
1514,Female,86,A-Value,98344,25,Artist,5,6,6
1515,Male,21,B-value,163509,21,Healthcare,1,10,1
1516,Male,15,B-value,116204,16,Engineer,2,8,2
1517,Female,87,A-Value,95853,53,Healthcare,1,9,1
1518,Male,40,B-value,156411,70,Artist,5,6,5
1519,Male,2,B-value,72889,36,Homemaker,7,5,7
1520,Female,63,A-Value,106691,79,Healthcare,1,9,3
1521,Male,26,B-value,144832,42,Artist,5,5,3
1522,Male,29,B-value,132297,53,Entertainment,4,8,1
1523,Female,7,B-value,170345,3,Executive,6,9,5
1524,Male,28,B-value,157383,13,Lawyer,3,8,2
1525,Female,99,A-Value,150782,18,Executive,6,8,2
1526,Male,69,A-Value,143987,87,Healthcare,1,10,5
1527,Female,13,B-value,129659,59,Entertainment,4,6,7
1528,Male,73,A-Value,104826,36,Healthcare,1,5,1
1529,Female,4,B-value,181471,59,Healthcare,1,10,4
1530,Female,42,B-value,152547,56,Artist,5,7,4
1531,Male,43,B-value,85347,9,Doctor,8,1,1
1532,Female,79,A-Value,122828,32,Executive,6,0,5
1533,Male,18,B-value,107794,17,Engineer,2,0,5
1534,Male,39,B-value,152566,11,Entertainment,4,1,7
1535,Female,41,B-value,91715,99,Entertainment,4,0,3
1536,Female,60,A-Value,99222,48,Artist,5,1,6
1537,Female,39,B-value,70280,99,Engineer,2,0,4
1538,Female,90,A-Value,70030,86,Healthcare,1,1,2
1539,Female,83,A-Value,102083,24,Artist,5,1,1
1540,Female,92,A-Value,166163,87,Engineer,2,8,5
1541,Female,6,B-value,182871,27,Engineer,2,8,6
1542,Male,50,B-value,187545,61,Executive,6,4,6
1543,Male,90,A-Value,182910,86,Entertainment,4,0,1
1544,Female,13,B-value,174530,30,Lawyer,3,1,6
1545,Female,27,B-value,115438,37,Artist,5,0,6
1546,Female,93,A-Value,93964,80,Artist,5,4,2
1547,Female,61,A-Value,180341,75,Healthcare,1,1,3
1548,Female,91,A-Value,107323,1,Engineer,2,7,7
1549,Female,79,A-Value,119435,55,Entertainment,4,0,7
1550,Female,80,A-Value,68341,22,Artist,5,13,6
1551,Female,16,B-value,95365,60,Artist,5,0,5
1552,Male,4,B-value,131093,79,Lawyer,3,1,7
1553,Female,34,B-value,100621,3,Healthcare,1,1,1
1554,Male,10,B-value,116521,47,Doctor,8,0,2
1555,Female,3,B-value,136316,88,Executive,6,0,3
1556,Male,96,A-Value,172039,51,Lawyer,3,0,6
1557,Female,48,B-value,70844,22,Entertainment,4,0,3
1558,Male,25,B-value,100964,96,Marketing,9,1,6
1559,Female,98,A-Value,128037,39,Entertainment,4,6,2
1560,Male,84,A-Value,97081,75,Marketing,9,1,3
1561,Male,88,A-Value,92247,47,Marketing,9,0,6
1562,Male,86,A-Value,129914,92,Artist,5,1,3
1563,Female,0,B-value,94014,53,Engineer,2,9,5
1564,Female,56,A-Value,138864,93,Artist,5,0,5
1565,Male,6,B-value,169299,46,Marketing,9,1,5
1566,Male,2,B-value,119097,40,Healthcare,1,0,7
1567,Female,73,A-Value,68161,23,Doctor,8,1,2
1568,Female,38,B-value,181108,32,Homemaker,7,1,1
1569,Male,37,B-value,87764,59,Engineer,2,9,7
1570,Female,41,B-value,102543,54,Artist,5,7,3
1571,Male,94,A-Value,139417,13,Artist,5,1,3
1572,Female,57,A-Value,81802,29,Homemaker,7,9,1
1573,Female,96,A-Value,102788,51,Artist,5,0,1
1574,Female,59,A-Value,163179,19,Healthcare,1,1,7
1575,Male,87,A-Value,71318,22,Healthcare,1,1,3
1576,Male,55,A-Value,63683,34,Healthcare,1,3,1
1577,Female,16,B-value,189689,37,Healthcare,1,8,5
1578,Male,82,A-Value,121610,36,Artist,5,0,5
1579,Female,83,A-Value,150682,25,Artist,5,1,1
1580,Female,96,A-Value,124550,46,Marketing,9,0,3
1581,Male,55,A-Value,148875,99,Artist,5,0,4
1582,Male,6,B-value,107117,44,Artist,5,1,3
1583,Male,33,B-value,109223,43,Engineer,2,1,5
1584,Female,0,B-value,120899,7,Marketing,9,2,6
1585,Female,27,B-value,101948,31,Artist,5,0,5
1586,Male,72,A-Value,143169,58,Engineer,2,0,4
1587,Female,13,B-value,167619,4,Healthcare,1,7,6
1588,Female,19,B-value,181795,59,Healthcare,1,3,5
1589,Female,48,B-value,186445,41,Engineer,2,0,1
1590,Female,58,A-Value,102205,24,Artist,5,1,1
1591,Female,21,B-value,52326,69,Healthcare,1,0,2
1592,Male,91,A-Value,82992,5,Entertainment,4,1,5
1593,Male,44,B-value,145520,55,Homemaker,7,1,7
1594,Female,80,A-Value,104820,96,Artist,5,2,4
1595,Female,28,B-value,69025,79,Entertainment,4,0,2
1596,Male,74,A-Value,164976,89,Entertainment,4,0,4
1597,Female,79,A-Value,178576,51,Executive,6,5,5
1598,Female,42,B-value,72415,52,Marketing,9,0,5
1599,Male,80,A-Value,112146,24,Entertainment,4,0,3
1600,Male,8,B-value,144830,43,Artist,5,0,1
1601,Female,24,B-value,51661,79,Entertainment,4,0,7
1602,Female,71,A-Value,152910,90,Artist,5,1,6
1603,Male,1,B-value,114556,64,Entertainment,4,0,7
1604,Male,0,B-value,143455,62,Healthcare,1,1,6
1605,Male,30,B-value,173096,92,Healthcare,1,0,3
1606,Female,52,A-Value,121172,97,Healthcare,1,5,4
1607,Female,34,B-value,56492,15,Homemaker,7,8,1
1608,Male,64,A-Value,156422,39,Entertainment,4,1,7
1609,Male,17,B-value,131863,94,Artist,5,1,7
1610,Male,71,A-Value,118096,36,Lawyer,3,0,3
1611,Male,87,A-Value,149685,30,Executive,6,9,6
1612,Female,68,A-Value,89765,28,Artist,5,0,7
1613,Female,14,B-value,177701,49,Entertainment,4,0,6
1614,Male,24,B-value,64738,67,Artist,5,0,6
1615,Female,10,B-value,92734,28,Lawyer,3,1,4
1616,Female,53,A-Value,146877,47,Healthcare,1,4,3
1617,Female,39,B-value,62935,60,Artist,5,0,7
1618,Female,16,B-value,67178,17,Entertainment,4,8,3
1619,Female,64,A-Value,115754,35,Engineer,2,1,3
1620,Female,41,B-value,186470,21,Artist,5,0,7
1621,Male,16,B-value,100939,34,Healthcare,1,7,6
1622,Female,94,A-Value,86172,55,Artist,5,4,4
1623,Female,40,B-value,184222,17,Healthcare,1,0,2
1624,Male,81,A-Value,71543,1,Entertainment,4,1,4
1625,Female,18,B-value,174836,63,Healthcare,1,0,4
1626,Female,78,A-Value,130706,72,,10,3,6
1627,Male,8,B-value,74407,100,Doctor,8,0,6
1628,Male,64,A-Value,130055,46,Healthcare,1,2,1
1629,Male,45,B-value,88707,81,Healthcare,1,0,5
1630,Male,99,A-Value,162762,52,Healthcare,1,1,1
1631,Male,59,A-Value,154821,77,Doctor,8,0,2
1632,Male,53,A-Value,57248,66,Lawyer,3,5,5
1633,Female,66,A-Value,99902,54,Engineer,2,10,2
1634,Female,1,B-value,165711,50,Artist,5,1,2
1635,Male,73,A-Value,97455,55,,10,6,4
1636,Female,34,B-value,93866,43,Entertainment,4,9,2
1637,Female,1,B-value,141307,17,Healthcare,1,1,3
1638,Male,73,A-Value,172011,9,Doctor,8,1,5
1639,Male,90,A-Value,68138,18,Healthcare,1,2,7
1640,Female,32,B-value,123246,100,Homemaker,7,8,6
1641,Female,47,B-value,124194,32,Doctor,8,1,7
1642,Male,15,B-value,188696,87,Homemaker,7,8,3
1643,Female,78,A-Value,91213,84,Lawyer,3,3,5
1644,Female,83,A-Value,166650,99,Healthcare,1,1,3
1645,Male,2,B-value,52727,60,Artist,5,1,3
1646,Male,75,A-Value,126469,86,Entertainment,4,1,2
1647,Male,45,B-value,138775,17,Executive,6,0,7
1648,Female,49,B-value,68901,70,Doctor,8,7,7
1649,Female,41,B-value,118621,7,Homemaker,7,0,7
1650,Male,34,B-value,109263,77,Entertainment,4,0,1
1651,Male,82,A-Value,150012,83,Healthcare,1,3,6
1652,Male,37,B-value,133850,85,Marketing,9,9,3
1653,Female,25,B-value,81640,95,Entertainment,4,1,6
1654,Female,52,A-Value,133214,1,Marketing,9,9,7
1655,Female,23,B-value,186723,42,Entertainment,4,8,5
1656,Female,96,A-Value,92100,23,Artist,5,9,3
1657,Male,5,B-value,64484,10,Homemaker,7,0,5
1658,Female,47,B-value,69024,3,Healthcare,1,4,5
1659,Male,81,A-Value,171194,55,Artist,5,0,5
1660,Female,4,B-value,183282,34,Artist,5,1,1
1661,Female,8,B-value,100099,74,Healthcare,1,1,3
1662,Female,35,B-value,164435,26,Lawyer,3,1,3
1663,Male,67,A-Value,172407,60,Doctor,8,9,3
1664,Female,9,B-value,84781,14,Executive,6,1,3
1665,Male,82,A-Value,186130,61,Lawyer,3,3,7
1666,Female,2,B-value,56782,10,Artist,5,9,5
1667,Male,95,A-Value,137206,4,Artist,5,0,4
1668,Female,9,B-value,146950,92,Doctor,8,6,5
1669,Female,99,A-Value,174275,4,Healthcare,1,0,2
1670,Male,96,A-Value,97705,41,Homemaker,7,8,2
1671,Male,92,A-Value,188984,69,Lawyer,3,1,4
1672,Male,24,B-value,119238,55,Artist,5,1,3
1673,Male,58,A-Value,87923,19,Entertainment,4,0,5
1674,Male,15,B-value,128573,97,Executive,6,1,1
1675,Female,13,B-value,132374,96,Marketing,9,0,3
1676,Female,51,A-Value,135164,75,Artist,5,9,3
1677,Male,9,B-value,165194,10,Artist,5,8,3
1678,Male,0,B-value,126060,92,Doctor,8,1,3
1679,Male,67,A-Value,89366,55,Healthcare,1,9,3
1680,Male,58,A-Value,95172,77,Healthcare,1,1,5
1681,Female,55,A-Value,95975,49,Executive,6,0,1
1682,Female,52,A-Value,165573,59,Healthcare,1,0,7
1683,Male,83,A-Value,180887,59,Entertainment,4,1,1
1684,Female,83,A-Value,142720,86,Executive,6,0,1
1685,Female,90,A-Value,113460,54,Lawyer,3,1,7
1686,Male,87,A-Value,110434,20,Artist,5,7,3
1687,Female,67,A-Value,146016,38,Artist,5,1,6
1688,Male,81,A-Value,101073,67,Executive,6,0,7
1689,Female,36,B-value,62617,10,Artist,5,9,3
1690,Female,51,A-Value,96028,37,Artist,5,0,5
1691,Female,31,B-value,186334,37,Artist,5,0,1
1692,Female,57,A-Value,163473,52,Artist,5,0,1
1693,Male,83,A-Value,89819,59,Artist,5,4,2
1694,Female,51,A-Value,69388,33,Engineer,2,3,4
1695,Female,15,B-value,134748,76,Marketing,9,1,6
1696,Female,18,B-value,149915,94,Doctor,8,14,1
1697,Female,88,A-Value,104098,48,Healthcare,1,1,6
1698,Male,70,A-Value,80160,10,Artist,5,8,5
1699,Male,9,B-value,124125,91,Artist,5,1,2
1700,Male,6,B-value,170226,31,Lawyer,3,0,3
1701,Female,8,B-value,53306,98,Engineer,2,0,2
1702,Male,55,A-Value,103933,31,Executive,6,6,3
1703,Female,69,A-Value,85401,10,Entertainment,4,4,6
1704,Female,18,B-value,53812,32,Homemaker,7,9,5
1705,Female,13,B-value,60771,50,Entertainment,4,1,7
1706,Female,69,A-Value,56398,75,Entertainment,4,8,3
1707,Female,69,A-Value,171118,91,Engineer,2,9,3
1708,Male,69,A-Value,79806,73,Healthcare,1,0,5
1709,Female,89,A-Value,150187,35,Healthcare,1,0,5
1710,Female,45,B-value,129455,14,Lawyer,3,0,3
1711,Female,75,A-Value,116813,72,Entertainment,4,10,6
1712,Female,54,A-Value,95734,39,Homemaker,7,8,7
1713,Male,33,B-value,76654,48,Artist,5,4,1
1714,Male,67,A-Value,86289,96,Artist,5,1,5
1715,Male,26,B-value,176147,19,Healthcare,1,0,1
1716,Female,5,B-value,142351,97,Entertainment,4,0,7
1717,Male,65,A-Value,186673,51,Doctor,8,1,1
1718,Female,94,A-Value,131521,62,Artist,5,0,6
1719,Female,95,A-Value,50223,15,Entertainment,4,8,1
1720,Female,48,B-value,74308,23,Entertainment,4,1,2
1721,Female,41,B-value,155881,22,Lawyer,3,0,7
1722,Female,92,A-Value,168303,16,Executive,6,9,4
1723,Male,44,B-value,182748,58,Engineer,2,1,7
1724,Female,35,B-value,52374,73,Artist,5,1,1
1725,Female,34,B-value,86154,17,Doctor,8,1,2
1726,Female,52,A-Value,163612,51,Executive,6,0,5
1727,Female,64,A-Value,64756,17,Marketing,9,10,1
1728,Male,62,A-Value,185257,58,Artist,5,1,4
1729,Male,58,A-Value,78669,75,Artist,5,1,7
1730,Male,15,B-value,164520,47,Artist,5,1,7
1731,Female,65,A-Value,92135,49,Homemaker,7,6,4
1732,Male,20,B-value,103195,68,Doctor,8,0,7
1733,Female,21,B-value,161663,36,Executive,6,1,7
1734,Female,79,A-Value,57039,34,Artist,5,2,6
1735,Female,91,A-Value,54754,4,Artist,5,0,2
1736,Female,92,A-Value,136531,76,Engineer,2,1,4
1737,Male,62,A-Value,120838,79,Artist,5,1,4
1738,Male,94,A-Value,127927,48,Doctor,8,0,4
1739,Male,10,B-value,164214,77,Lawyer,3,0,4
1740,Female,53,A-Value,145498,66,Artist,5,8,4
1741,Male,7,B-value,129215,69,Entertainment,4,9,6
1742,Female,92,A-Value,152429,76,Entertainment,4,0,2
1743,Female,12,B-value,89252,31,Entertainment,4,0,5
1744,Female,31,B-value,147447,23,Doctor,8,6,7
1745,Female,93,A-Value,74467,33,Lawyer,3,5,1
1746,Female,66,A-Value,127410,37,Engineer,2,8,2
1747,Male,49,B-value,91290,44,Healthcare,1,7,7
1748,Female,64,A-Value,92812,97,Artist,5,5,7
1749,Female,27,B-value,170166,18,Artist,5,10,4
1750,Female,33,B-value,150823,75,Artist,5,4,1
1751,Male,79,A-Value,95839,30,Executive,6,7,2
1752,Female,14,B-value,60175,60,Executive,6,9,7
1753,Female,22,B-value,153024,91,Artist,5,10,7
1754,Female,8,B-value,116858,67,Artist,5,5,7
1755,Female,6,B-value,122961,47,Doctor,8,8,2
1756,Male,81,A-Value,141471,45,Artist,5,8,6
1757,Male,69,A-Value,76155,14,Healthcare,1,8,7
1758,Male,0,B-value,108169,24,Executive,6,10,3
1759,Female,61,A-Value,139520,39,Artist,5,8,4
1760,Male,62,A-Value,182631,52,Artist,5,5,3
1761,Female,95,A-Value,177134,78,Healthcare,1,10,2
1762,Female,32,B-value,181703,54,Lawyer,3,6,2
1763,Female,13,B-value,61917,16,Artist,5,7,2
1764,Female,1,B-value,140648,36,Executive,6,9,7
1765,Female,63,A-Value,176783,40,Doctor,8,9,4
1766,Male,75,A-Value,59741,67,Artist,5,10,5
1767,Female,43,B-value,156567,89,Engineer,2,7,6
1768,Female,29,B-value,110309,21,Artist,5,6,2
1769,Female,82,A-Value,111077,55,Artist,5,9,7
1770,Female,87,A-Value,170333,96,Entertainment,4,4,2
1771,Male,66,A-Value,183339,39,Artist,5,7,4
1772,Female,99,A-Value,84167,46,Artist,5,10,7
1773,Female,54,A-Value,184815,50,Lawyer,3,6,3
1774,Female,49,B-value,122556,74,Artist,5,9,7
1775,Female,60,A-Value,174768,66,Entertainment,4,9,2
1776,Male,75,A-Value,172309,82,Executive,6,4,1
1777,Male,77,A-Value,117920,4,Doctor,8,10,4
1778,Male,34,B-value,134882,61,Artist,5,10,3
1779,Female,63,A-Value,77259,11,Lawyer,3,6,6
1780,Male,38,B-value,170019,38,Artist,5,7,2
1781,Female,68,A-Value,176884,94,Engineer,2,10,2
1782,Female,80,A-Value,106709,93,Marketing,9,10,2
1783,Female,8,B-value,168723,31,Homemaker,7,7,2
1784,Female,86,A-Value,90228,68,Engineer,2,7,5
1785,Female,1,B-value,89473,85,Lawyer,3,10,4
1786,Male,56,A-Value,131911,42,Healthcare,1,7,7
1787,Female,14,B-value,140107,63,Marketing,9,6,6
1788,Female,4,B-value,170403,44,Artist,5,4,5
1789,Female,58,A-Value,51416,46,,10,7,5
1790,Female,6,B-value,52648,2,Artist,5,5,2
1791,Male,17,B-value,125471,48,Engineer,2,7,1
1792,Female,55,A-Value,106153,62,Artist,5,10,1
1793,Male,14,B-value,124785,28,Lawyer,3,7,2
1794,Female,22,B-value,101474,14,Homemaker,7,10,2
1795,Female,8,B-value,141359,65,Healthcare,1,4,5
1796,Female,70,A-Value,57596,96,Artist,5,4,1
1797,Female,67,A-Value,78489,81,Artist,5,7,5
1798,Male,50,B-value,112957,71,Executive,6,5,3
1799,Male,72,A-Value,82377,37,Engineer,2,9,2
1800,Male,76,A-Value,82315,53,Engineer,2,6,1
1801,Male,80,A-Value,93253,51,Artist,5,4,5
1802,Male,20,B-value,189650,60,Lawyer,3,8,4
1803,Female,89,A-Value,114858,53,Artist,5,10,1
1804,Female,18,B-value,62151,18,Artist,5,8,2
1805,Female,75,A-Value,135159,12,Engineer,2,7,6
1806,Female,5,B-value,126263,55,Marketing,9,6,3
1807,Female,79,A-Value,123064,41,Artist,5,10,4
1808,Female,31,B-value,181773,40,Healthcare,1,8,1
1809,Male,92,A-Value,171794,65,Artist,5,6,5
1810,Female,15,B-value,156339,27,Homemaker,7,6,2
1811,Male,94,A-Value,65483,84,Marketing,9,10,7
1812,Female,35,B-value,145654,22,Executive,6,6,3
1813,Female,68,A-Value,91609,43,Entertainment,4,8,1
1814,Female,29,B-value,53002,73,Lawyer,3,5,5
1815,Male,87,A-Value,115699,61,Healthcare,1,9,1
1816,Male,33,B-value,149609,44,Executive,6,9,2
1817,Female,29,B-value,165254,7,Executive,6,9,7
1818,Male,43,B-value,50418,49,Healthcare,1,5,1
1819,Male,43,B-value,103531,90,Artist,5,10,5
1820,Female,66,A-Value,184060,98,Artist,5,10,5
1821,Male,23,B-value,75961,70,Executive,6,5,7
1822,Male,87,A-Value,174163,28,Artist,5,4,2
1823,Female,81,A-Value,105255,54,Executive,6,8,3
1824,Male,42,B-value,51860,4,Lawyer,3,4,5
1825,Female,32,B-value,185218,83,Healthcare,1,4,6
1826,Male,7,B-value,189709,18,Artist,5,6,6
1827,Female,91,A-Value,134665,66,Artist,5,7,2
1828,Male,95,A-Value,91352,9,Doctor,8,7,3
1829,Female,10,B-value,154623,21,Artist,5,6,6
1830,Female,20,B-value,113767,88,Artist,5,6,2
1831,Male,5,B-value,160469,61,Lawyer,3,8,1
1832,Female,84,A-Value,99418,27,Artist,5,4,2
1833,Male,54,A-Value,56215,34,Healthcare,1,10,4
1834,Male,12,B-value,55639,63,Healthcare,1,8,1
1835,Female,90,A-Value,62504,99,Artist,5,10,4
1836,Female,19,B-value,151382,38,Lawyer,3,1,1
1837,Female,91,A-Value,156574,96,Marketing,9,0,7
1838,Female,90,A-Value,60998,35,Entertainment,4,1,7
1839,Female,60,A-Value,108509,36,Doctor,8,0,2
1840,Female,68,A-Value,85540,49,Homemaker,7,9,1
1841,Female,43,B-value,73915,47,Artist,5,11,2
1842,Male,52,A-Value,148901,77,Healthcare,1,4,4
1843,Male,81,A-Value,152602,91,Entertainment,4,0,1
1844,Female,54,A-Value,58999,22,Entertainment,4,7,3
1845,Female,43,B-value,133740,37,Artist,5,5,4
1846,Female,20,B-value,113217,41,Lawyer,3,9,1
1847,Female,71,A-Value,60209,46,Artist,5,1,3
1848,Female,26,B-value,145491,72,Entertainment,4,9,5
1849,Female,75,A-Value,61393,65,Doctor,8,7,5
1850,Female,52,A-Value,133252,55,Artist,5,1,1
1851,Female,40,B-value,187234,14,Doctor,8,0,5
1852,Male,5,B-value,145563,60,Entertainment,4,9,6
1853,Female,46,B-value,165810,38,Healthcare,1,3,5
1854,Male,98,A-Value,125181,30,Artist,5,0,7
1855,Female,84,A-Value,56809,96,Healthcare,1,1,2
1856,Male,35,B-value,69419,68,Healthcare,1,9,1
1857,Female,78,A-Value,70689,54,Artist,5,1,4
1858,Male,64,A-Value,55011,53,Artist,5,1,7
1859,Female,98,A-Value,87955,79,Engineer,2,0,2
1860,Male,66,A-Value,153660,24,Healthcare,1,0,5
1861,Male,32,B-value,104494,28,Healthcare,1,6,4
1862,Male,22,B-value,184443,44,Executive,6,3,7
1863,Female,17,B-value,150778,35,Entertainment,4,1,7
1864,Female,22,B-value,88729,81,Engineer,2,1,1
1865,Male,9,B-value,151902,18,Artist,5,0,2
1866,Male,24,B-value,51604,4,Artist,5,0,2
1867,Female,8,B-value,157316,75,Artist,5,9,3
1868,Female,52,A-Value,125508,15,Artist,5,1,6
1869,Male,62,A-Value,186157,54,Healthcare,1,1,1
1870,Female,37,B-value,169381,45,Entertainment,4,0,4
1871,Male,68,A-Value,110195,47,Homemaker,7,9,2
1872,Female,63,A-Value,81199,80,Entertainment,4,1,2
1873,Female,15,B-value,58459,67,Executive,6,0,6
1874,Female,44,B-value,173682,89,Artist,5,12,6
1875,Male,18,B-value,162983,16,Entertainment,4,0,6
1876,Male,30,B-value,94480,1,Executive,6,0,4
1877,Female,69,A-Value,168710,80,Doctor,8,1,4
1878,Male,16,B-value,150193,83,Engineer,2,2,2
1879,Female,71,A-Value,91823,74,Artist,5,1,4
1880,Female,24,B-value,173091,24,Entertainment,4,6,2
1881,Male,57,A-Value,102692,94,Healthcare,1,0,2
1882,Male,97,A-Value,156812,77,Healthcare,1,0,6
1883,Male,68,A-Value,51468,48,Artist,5,0,3
1884,Female,11,B-value,114071,37,Healthcare,1,0,2
1885,Female,63,A-Value,155638,81,,10,1,4
1886,Male,68,A-Value,129971,61,Artist,5,8,3
1887,Female,69,A-Value,104160,77,Engineer,2,4,4
1888,Female,77,A-Value,124995,66,Healthcare,1,0,1
1889,Female,73,A-Value,180437,50,Entertainment,4,1,5
1890,Female,19,B-value,134644,96,Executive,6,1,2
1891,Female,1,B-value,130089,67,Artist,5,0,5
1892,Male,71,A-Value,149318,27,Artist,5,4,1
1893,Male,6,B-value,125591,79,Healthcare,1,8,6
1894,Female,68,A-Value,173047,17,Healthcare,1,0,3
1895,Female,39,B-value,61298,91,Artist,5,0,5
1896,Male,75,A-Value,132993,55,Entertainment,4,8,2
1897,Female,65,A-Value,72313,36,Lawyer,3,1,5
1898,Female,30,B-value,84885,9,Entertainment,4,6,5
1899,Male,46,B-value,126228,95,Marketing,9,8,2
1900,Male,40,B-value,51199,29,Executive,6,7,7
1901,Female,40,B-value,54631,70,Artist,5,0,6
1902,Female,20,B-value,131810,16,Healthcare,1,5,7
1903,Male,88,A-Value,138482,59,Marketing,9,8,4
1904,Male,85,A-Value,74081,87,Healthcare,1,4,3
1905,Male,94,A-Value,112426,54,Engineer,2,9,6
1906,Female,52,A-Value,164038,53,,10,5,4
1907,Female,68,A-Value,53552,97,Marketing,9,7,6
1908,Male,15,B-value,142147,78,Artist,5,8,4
1909,Male,4,B-value,180324,41,Artist,5,9,2
1910,Male,59,A-Value,149067,78,Doctor,8,9,7
1911,Male,32,B-value,184408,38,Entertainment,4,6,7
1912,Female,8,B-value,59116,45,Artist,5,10,6
1913,Female,92,A-Value,174786,94,Executive,6,4,3
1914,Male,9,B-value,71076,2,Artist,5,8,1
1915,Female,41,B-value,56837,4,Healthcare,1,8,4
1916,Female,18,B-value,134752,47,Engineer,2,6,5
1917,Female,78,A-Value,112887,80,Entertainment,4,9,6
1918,Female,0,B-value,73128,74,Artist,5,7,5
1919,Female,11,B-value,152765,17,Healthcare,1,8,1
1920,Female,36,B-value,140637,19,Executive,6,8,7
1921,Male,46,B-value,137973,50,Healthcare,1,7,7
1922,Female,95,A-Value,126791,34,Artist,5,6,4
1923,Female,97,A-Value,75125,89,Executive,6,8,3
1924,Male,2,B-value,101718,11,Executive,6,8,3
1925,Female,94,A-Value,69654,30,Homemaker,7,4,4
1926,Female,0,B-value,105935,46,Doctor,8,4,5
1927,Male,3,B-value,74607,69,Healthcare,1,6,1
1928,Male,77,A-Value,151985,29,Healthcare,1,4,7
1929,Male,70,A-Value,76892,64,Executive,6,5,2
1930,Male,58,A-Value,87602,25,Executive,6,5,3
1931,Male,72,A-Value,182317,46,Healthcare,1,8,6
1932,Male,90,A-Value,158280,92,Executive,6,6,7
1933,Female,23,B-value,59905,79,,10,7,5
1934,Female,87,A-Value,128153,42,Artist,5,7,6
1935,Male,64,A-Value,142612,58,Doctor,8,4,6
1936,Female,15,B-value,180163,9,Doctor,8,10,7
1937,Female,14,B-value,68009,17,Artist,5,9,3
1938,Male,54,A-Value,166183,65,Artist,5,7,6
1939,Male,76,A-Value,132537,44,Doctor,8,5,3
1940,Female,76,A-Value,146308,49,Artist,5,5,1
1941,Female,52,A-Value,63454,38,Artist,5,5,5
1942,Male,96,A-Value,110519,6,Artist,5,9,4
1943,Female,55,A-Value,66728,50,Healthcare,1,10,5
1944,Female,54,A-Value,170638,64,Artist,5,4,5
1945,Male,19,B-value,129635,100,Artist,5,6,4
1946,Male,29,B-value,133587,74,Marketing,9,5,3
1947,Male,96,A-Value,126225,47,Engineer,2,7,4
1948,Female,20,B-value,148776,21,Artist,5,8,5
1949,Female,91,A-Value,142602,64,Lawyer,3,7,6
1950,Male,37,B-value,102413,38,Healthcare,1,5,5
1951,Male,42,B-value,68765,69,Entertainment,4,4,1
1952,Male,1,B-value,57522,75,Artist,5,10,5
1953,Female,58,A-Value,149237,80,Entertainment,4,8,6
1954,Female,42,B-value,184844,24,Entertainment,4,6,1
1955,Female,48,B-value,131656,45,Lawyer,3,9,6
1956,Female,11,B-value,181026,39,Marketing,9,6,2
1957,Male,59,A-Value,101698,87,Artist,5,9,3
1958,Female,45,B-value,152560,32,Entertainment,4,9,2
1959,Male,73,A-Value,142502,97,Doctor,8,5,1
1960,Female,85,A-Value,155432,21,Engineer,2,4,6
1961,Female,70,A-Value,108544,49,Entertainment,4,4,5
1962,Female,52,A-Value,106530,46,Engineer,2,7,2
1963,Male,70,A-Value,124359,51,Homemaker,7,7,7
1964,Female,88,A-Value,146970,90,Artist,5,7,6
1965,Male,61,A-Value,182176,96,Artist,5,9,5
1966,Female,46,B-value,114435,34,Artist,5,8,3
1967,Male,65,A-Value,134213,32,Homemaker,7,8,4
1968,Female,84,A-Value,115580,73,Entertainment,4,8,5
1969,Female,76,A-Value,124034,88,Executive,6,10,2
1970,Male,31,B-value,67894,42,Doctor,8,9,1
1971,Male,55,A-Value,107099,89,Executive,6,4,6
1972,Male,45,B-value,140263,88,Entertainment,4,10,5
1973,Male,98,A-Value,104249,12,Engineer,2,5,2
1974,Male,40,B-value,168821,36,Executive,6,4,5
1975,Female,14,B-value,153145,59,Healthcare,1,8,6
1976,Female,41,B-value,128960,43,Executive,6,9,4
1977,Male,60,A-Value,127438,82,Engineer,2,7,2
1978,Male,60,A-Value,125968,100,Lawyer,3,8,2
1979,Male,84,A-Value,104589,85,Artist,5,10,2
1980,Male,0,B-value,165321,93,Doctor,8,8,1
1981,Female,10,B-value,86925,76,Artist,5,7,2
1982,Female,62,A-Value,149797,19,Artist,5,5,6
1983,Male,33,B-value,137094,68,Lawyer,3,4,1
1984,Female,52,A-Value,55395,41,Marketing,9,10,1
1985,Female,2,B-value,153622,51,Lawyer,3,6,6
1986,Male,27,B-value,74050,44,Entertainment,4,8,1
1987,Female,4,B-value,68094,61,Doctor,8,4,7
1988,Male,63,A-Value,59244,80,Artist,5,7,1
1989,Female,54,A-Value,118944,77,Artist,5,4,4
1990,Female,47,B-value,75293,55,Doctor,8,6,7
1991,Female,30,B-value,166983,69,Artist,5,7,3
1992,Female,97,A-Value,129444,96,Entertainment,4,5,6
1993,Male,94,A-Value,181183,24,Marketing,9,9,3
1994,Female,64,A-Value,175254,100,Artist,5,9,5
1995,Female,19,B-value,54121,89,Engineer,2,6,3
1996,Female,71,A-Value,184387,40,Artist,5,8,7
1997,Female,91,A-Value,73158,32,Doctor,8,7,7
1998,Male,87,A-Value,90961,14,Healthcare,1,9,2
1999,Male,77,A-Value,182109,4,Executive,6,7,2
2000,Male,90,A-Value,110610,52,Entertainment,4,5,2
